model,point,t_s,d_rmse_pct
xgb_raw14,0,120,7.01166725772885
xgb_raw14,1,240,0.3227202971541289
xgb_raw14,2,360,1.3349474133214052
xgb_raw14,3,480,0.9822228665989179
xgb_raw14,4,600,0.33210551128875176
xgb_raw14,5,720,0.5247430341434683
xgb_raw14,6,840,1.858918073306002
xgb_raw14,7,960,0.026974627196210136
xgb_raw14,8,1080,0.05198054249499391
xgb_raw14,9,1200,0.12121177663781599
xgb_raw14,10,1320,0.09531817278194074
xgb_raw14,11,1440,0.0437178457798966
xgb_raw14,12,1560,0.02658203792059499
xgb_raw14,13,1680,6.1471404726729535
mlp_raw14,0,120,5.686945227570039
mlp_raw14,1,240,4.6308019331151655
mlp_raw14,2,360,2.1376304080997737
mlp_raw14,3,480,4.772366909243327
mlp_raw14,4,600,3.258316613494494
mlp_raw14,5,720,7.38859780007191
mlp_raw14,6,840,5.886695155983725
mlp_raw14,7,960,5.635368190416964
mlp_raw14,8,1080,3.4093881634345777
mlp_raw14,9,1200,3.613126984504832
mlp_raw14,10,1320,2.7337258873743173
mlp_raw14,11,1440,0.7869389776159889
mlp_raw14,12,1560,7.6656526966722485
mlp_raw14,13,1680,13.62331043789393
