family,split_id,test_label,model,features,kind,n_train,n_test,seed,rmse_pct,rmse_bal_pct,mae_pct,bias_pct,rmse_eol_pct,fit_seconds,error
cell50,0,repeat0,mean,raw14,mean,10776,11445,1000,5.9684532145557245,5.825409349223245,5.004162649083707,0.25664917205666915,6.827142568465773,0.009883880615234375,
cell50,0,repeat0,urelax_linear,urelax,linear,10776,11445,1000,2.510038714367459,3.973500338405917,1.628636049842303,-0.24978799993384984,1.324606690184274,0.008297204971313477,
cell50,0,repeat0,cycle_cond_xgb,cyc,xgb_big,10776,11445,1000,1.8987128827069821,1.8856855023538157,1.4295560077477802,-0.09910263599567377,2.226996050962933,0.11249208450317383,
cell50,0,repeat0,enet_stats3,stats3,enet,10776,11445,1000,1.6106431133640586,2.0767649290211696,1.1961585332215647,-0.05061491392428591,2.0282907566401693,0.15768694877624512,
cell50,0,repeat0,xgb_stats3,stats3,xgb,10776,11445,1000,1.2505072796518892,1.7577872496648592,0.8963017619268222,-0.1865952701843913,1.1708884860005944,0.013612747192382812,
cell50,0,repeat0,svr_stats3,stats3,svr,10776,11445,1000,1.0929206491571115,1.7847917987524977,0.768971719310465,-0.11429989596612965,1.0858875765099631,1.8677759170532227,
cell50,0,repeat0,xgb_stats6,stats6,xgb,10776,11445,1000,1.1921558328976385,1.7898183050620613,0.8573614001094455,-0.1787336388751187,1.0808929513760965,0.017866849899291992,
cell50,0,repeat0,svr_stats6,stats6,svr,10776,11445,1000,1.0907028489043133,1.7705199381357748,0.775049002197112,-0.11285908496533206,1.0820095893090182,2.0296099185943604,
cell50,0,repeat0,gpr_stats6,stats6,gpr,10776,11445,1000,1.298363938140329,2.4259882747572035,0.843813184199173,-0.21382114390863868,1.0108235998107764,3.8806262016296387,
cell50,0,repeat0,xgb_ecm6,ecm6,xgb,10776,11445,1000,1.3144619397476327,2.0503707827027267,0.9103070142261303,-0.20624743715092086,1.1479794255529192,0.020972251892089844,
cell50,0,repeat0,svr_ecm6,ecm6,svr,10776,11445,1000,1.3439542160134135,2.4995841568434907,0.8300455761225287,-0.2192504468906962,1.2206498395067291,2.7941598892211914,
cell50,0,repeat0,gpr_ecm6,ecm6,gpr,10776,11445,1000,1.2118675458530452,2.289685902431882,0.7929556037371471,-0.1702686824127768,1.0347671499901354,3.3470799922943115,
cell50,0,repeat0,xgb_raw14,raw14,xgb,10776,11445,1000,1.404006201401522,2.1214313331747747,0.958921506563061,-0.22062651998524044,1.2043265639750282,0.03569388389587402,
cell50,0,repeat0,svr_raw14,raw14,svr,10776,11445,1000,1.0831009797424844,1.684828865131626,0.7635192567256094,-0.18217033291602688,1.1205193240565385,1.6632728576660156,
cell50,0,repeat0,gpr_raw14,raw14,gpr,10776,11445,1000,1.2505314691423812,2.197221324943039,0.8482123242451458,-0.2143604848999866,1.0632288082401111,18.33115005493164,
cell50,0,repeat0,mlp_stats3,stats3,mlp,10776,11445,1000,1.1777341310392828,1.6911202361583757,0.8353926883832281,-0.2066353780894178,1.2416934976908334,1.813323974609375,
cell50,0,repeat0,mlp_ecm6,ecm6,mlp,10776,11445,1000,1.0750129741374062,1.7496693965827654,0.7283565065054062,-0.14143732511183238,1.0941581427450298,1.644129991531372,
cell50,0,repeat0,mlp_raw14,raw14,mlp,10776,11445,1000,1.172873539198215,1.720880653827695,0.81718118854825,-0.14820242695117056,1.1969994663548513,2.6459639072418213,
cell50,1,repeat1,mean,raw14,mean,10934,11287,1001,5.991926583390524,5.860402509823176,5.0150500419954565,-0.5762741245552672,6.5016962714698145,0.00771021842956543,
cell50,1,repeat1,urelax_linear,urelax,linear,10934,11287,1001,2.509554133195221,4.027957602195604,1.6825715198803486,-0.05657507903174822,1.5960566852888867,0.0064678192138671875,
cell50,1,repeat1,cycle_cond_xgb,cyc,xgb_big,10934,11287,1001,1.900846412978946,1.8966966690506273,1.4735988518351073,-0.7407272533810886,2.157878905881372,0.1039419174194336,
cell50,1,repeat1,enet_stats3,stats3,enet,10934,11287,1001,1.6458957548272968,2.243631465618751,1.1489137161188827,0.15629284449809566,2.180537462276532,0.15995407104492188,
cell50,1,repeat1,xgb_stats3,stats3,xgb,10934,11287,1001,1.2917109897298602,1.8535212721310712,0.8812589040313679,0.2469070657698779,1.3640263912752015,0.01369619369506836,
cell50,1,repeat1,svr_stats3,stats3,svr,10934,11287,1001,1.2309655750807627,1.9147193526010984,0.8257841836178482,0.28539766927101134,1.4581369282161736,1.5249919891357422,
cell50,1,repeat1,xgb_stats6,stats6,xgb,10934,11287,1001,1.3154618612666227,2.0663532153310147,0.8762369354039682,0.22922546381131453,1.3663263226075721,0.0192110538482666,
cell50,1,repeat1,svr_stats6,stats6,svr,10934,11287,1001,1.2073599872219563,1.8256633678237735,0.8147139789902623,0.2951382587425493,1.4103230026128095,1.7575428485870361,
cell50,1,repeat1,gpr_stats6,stats6,gpr,10934,11287,1001,1.2150346922421293,1.9049851726499443,0.799906260155734,0.2656614820655165,1.3461491926738056,3.1653990745544434,
cell50,1,repeat1,xgb_ecm6,ecm6,xgb,10934,11287,1001,1.2659308235456221,2.016214340841851,0.896078906459688,0.14085389116640987,1.3461507932245274,0.0264129638671875,
cell50,1,repeat1,svr_ecm6,ecm6,svr,10934,11287,1001,1.236561424910559,1.921754488336377,0.8207408728628898,0.16048567149512344,1.3504249743275454,1.5387308597564697,
cell50,1,repeat1,gpr_ecm6,ecm6,gpr,10934,11287,1001,1.2534041746572095,2.271586615579048,0.7807046847892821,0.20350809006662351,1.5668104218002026,3.112579822540283,
cell50,1,repeat1,xgb_raw14,raw14,xgb,10934,11287,1001,1.4495183110576373,2.2300842013757527,0.9832332157094349,0.2105086447702095,1.46468924496741,0.040280818939208984,
cell50,1,repeat1,svr_raw14,raw14,svr,10934,11287,1001,1.1472473053151702,1.5818425844120527,0.7947131799343689,0.2341264550201679,1.3434435253118688,1.3415050506591797,
cell50,1,repeat1,gpr_raw14,raw14,gpr,10934,11287,1001,1.1731691657905998,1.7930479349281774,0.7979482189330614,0.22020029978120145,1.37481807395422,16.49531888961792,
cell50,1,repeat1,mlp_stats3,stats3,mlp,10934,11287,1001,1.2687621300471317,1.7036634559142758,0.7932079980129625,0.17762122006525727,1.580926324078765,1.4914000034332275,
cell50,1,repeat1,mlp_ecm6,ecm6,mlp,10934,11287,1001,1.134312321409689,1.931119841504998,0.7498751917740364,0.12704836131068742,1.2862656340938445,1.595762014389038,
cell50,1,repeat1,mlp_raw14,raw14,mlp,10934,11287,1001,1.1691293984342823,1.589517334625832,0.7590699056287067,0.2131612054613752,1.4119568586993285,1.232835054397583,
cell50,2,repeat2,mean,raw14,mean,10448,11773,1002,5.993437225418459,5.769099327905815,5.0488034861954105,0.34008981674402605,6.868256788953938,0.009849786758422852,
cell50,2,repeat2,urelax_linear,urelax,linear,10448,11773,1002,2.4930885088600427,4.116460311048491,1.6393067979155118,0.04988211699225671,1.5139578260148037,0.008376836776733398,
cell50,2,repeat2,cycle_cond_xgb,cyc,xgb_big,10448,11773,1002,1.898596995609504,1.8491165871823554,1.4683325311094109,0.15563163774967012,2.2713330594799985,0.11749410629272461,
cell50,2,repeat2,enet_stats3,stats3,enet,10448,11773,1002,1.6811329730825737,2.1145381217685904,1.2625710743166765,-0.20211669767305723,2.1697226838524686,0.15742897987365723,
cell50,2,repeat2,xgb_stats3,stats3,xgb,10448,11773,1002,1.2347985169955802,1.9654005739050942,0.8832938800044821,0.03539506090579273,1.2049392868782898,0.01361083984375,
cell50,2,repeat2,svr_stats3,stats3,svr,10448,11773,1002,1.0797447296846514,1.8177318020712658,0.780648189797396,0.006060450120282743,1.1651433830228664,1.4418549537658691,
cell50,2,repeat2,xgb_stats6,stats6,xgb,10448,11773,1002,1.1788599636820558,1.935569172878062,0.843326035924815,0.023684975344372063,1.1780599301332768,0.021361827850341797,
cell50,2,repeat2,svr_stats6,stats6,svr,10448,11773,1002,1.047656773542555,1.7249308784462132,0.7625213105466206,-0.000493374156058575,1.1111140776077852,1.6917228698730469,
cell50,2,repeat2,gpr_stats6,stats6,gpr,10448,11773,1002,1.2033443283647531,2.225851755136752,0.8186388646247683,-0.014181769874761817,1.1448803044436808,4.2897889614105225,
cell50,2,repeat2,xgb_ecm6,ecm6,xgb,10448,11773,1002,1.2713726859846775,2.082876427891146,0.9087128745901972,-0.051302886543609094,1.2058338268185202,0.02109217643737793,
cell50,2,repeat2,svr_ecm6,ecm6,svr,10448,11773,1002,1.29676776771803,2.2160365984367876,0.8439189082647282,0.011575384094319775,1.2159037044358119,1.3080477714538574,
cell50,2,repeat2,gpr_ecm6,ecm6,gpr,10448,11773,1002,1.2297502398597113,2.2967298487353394,0.7657125793266236,0.017003402325673225,1.3708191473928937,4.328253984451294,
cell50,2,repeat2,xgb_raw14,raw14,xgb,10448,11773,1002,1.36624643602064,2.2005391011959987,0.9587954491887944,0.04778300513757699,1.3382000207364566,0.03740501403808594,
cell50,2,repeat2,svr_raw14,raw14,svr,10448,11773,1002,1.0060653329332299,1.6023452584326234,0.7392408023079987,-0.04689940615262489,1.0312506697684787,1.1372978687286377,
cell50,2,repeat2,gpr_raw14,raw14,gpr,10448,11773,1002,1.2802305322578524,2.424554606833397,0.8517839072815416,-0.019563531296524765,1.1175945956004307,16.32468295097351,
cell50,2,repeat2,mlp_stats3,stats3,mlp,10448,11773,1002,1.009058312395542,1.568313915667386,0.7415813908710629,-0.0013793187719251584,1.0212620876443141,1.6373240947723389,
cell50,2,repeat2,mlp_ecm6,ecm6,mlp,10448,11773,1002,1.0177106461784073,1.7128123172467196,0.7233242888707296,-0.12606055336696786,1.0262347215507308,2.1897168159484863,
cell50,2,repeat2,mlp_raw14,raw14,mlp,10448,11773,1002,1.004291216494122,1.5756723888232338,0.7369684745786425,-0.007814319417271705,0.991469603398118,1.9839529991149902,
cell50,3,repeat3,mean,raw14,mean,11149,11072,1003,6.014303389706747,5.8465297330576576,5.042616724712242,0.05469204693472528,6.808108809977672,0.009712934494018555,
cell50,3,repeat3,urelax_linear,urelax,linear,11149,11072,1003,2.7359956537872576,3.9993310079102007,1.9774959074003218,0.07806567278065099,1.8934298824586728,0.008512735366821289,
cell50,3,repeat3,cycle_cond_xgb,cyc,xgb_big,11149,11072,1003,2.0609135661816427,1.9110330537284743,1.6165937823597674,0.5451596243910615,2.6635232539989318,0.11875081062316895,
cell50,3,repeat3,enet_stats3,stats3,enet,11149,11072,1003,1.7020921716816018,2.2995825813849793,1.218826551576865,0.3020907315576492,1.9999871094628658,0.1654191017150879,
cell50,3,repeat3,xgb_stats3,stats3,xgb,11149,11072,1003,1.4183418626119306,1.970608802187817,1.0434404501249817,0.16916712270894949,1.495800945869642,0.014357805252075195,
cell50,3,repeat3,svr_stats3,stats3,svr,11149,11072,1003,1.269392512658078,1.9653512505050694,0.8976450459567372,0.16206410370142574,1.4014033855881498,1.5563437938690186,
cell50,3,repeat3,xgb_stats6,stats6,xgb,11149,11072,1003,1.4404292606462021,2.232617372354241,1.014477596073825,0.13480723441149225,1.4897294693030332,0.017948150634765625,
cell50,3,repeat3,svr_stats6,stats6,svr,11149,11072,1003,1.259380483875223,1.9516035191323846,0.8859010462804554,0.1313888819592593,1.3827473308011724,1.7194950580596924,
cell50,3,repeat3,gpr_stats6,stats6,gpr,11149,11072,1003,1.318657377129657,2.1441184618068743,0.9198810570965305,0.25023800403335217,1.4899343125283313,3.8732481002807617,
cell50,3,repeat3,xgb_ecm6,ecm6,xgb,11149,11072,1003,1.4482493311252687,2.140870016333329,1.0527795873707866,0.09488203480652757,1.4677026522803258,0.025981903076171875,
cell50,3,repeat3,svr_ecm6,ecm6,svr,11149,11072,1003,1.3612498679093186,2.2109178577132176,0.9155198188554161,0.027095079713094643,1.3947746845868363,1.5068919658660889,
cell50,3,repeat3,gpr_ecm6,ecm6,gpr,11149,11072,1003,1.2809436422671758,2.1475055955623654,0.899032234079424,0.08529951424337154,1.3722153978817844,3.587671995162964,
cell50,3,repeat3,xgb_raw14,raw14,xgb,11149,11072,1003,1.4593702307069405,2.0760648963646413,1.064297497891382,0.07581469682240526,1.3853643945332834,0.03338813781738281,
cell50,3,repeat3,svr_raw14,raw14,svr,11149,11072,1003,1.196794280849124,1.8323747014321032,0.8391446956050772,0.08617030294478145,1.2543641801883825,1.8575961589813232,
cell50,3,repeat3,gpr_raw14,raw14,gpr,11149,11072,1003,1.3008972276143818,2.052710925197497,0.9283113704378513,0.21863295111805622,1.43404994667345,19.741217851638794,
cell50,3,repeat3,mlp_stats3,stats3,mlp,11149,11072,1003,1.3267790130750936,1.9814283460622573,0.939834963523711,0.17749139776025524,1.4465971272599245,2.2424702644348145,
cell50,3,repeat3,mlp_ecm6,ecm6,mlp,11149,11072,1003,1.1769751803858979,1.824527841822538,0.8482138742316934,0.10764729859311156,1.3190844402144841,1.6771831512451172,
cell50,3,repeat3,mlp_raw14,raw14,mlp,11149,11072,1003,1.1969186075606095,1.7158834595097123,0.8346437730080416,0.083054765239777,1.2869787635949794,1.8671150207519531,
cell50,4,repeat4,mean,raw14,mean,11334,10887,1004,6.013787572305922,5.727950058616762,5.075469213867928,0.05971161167939979,6.665576054822778,0.005997896194458008,
cell50,4,repeat4,urelax_linear,urelax,linear,11334,10887,1004,2.6517398417524487,4.364995273832396,1.8282113973538159,0.025089900834663805,1.645458381963227,0.006460905075073242,
cell50,4,repeat4,cycle_cond_xgb,cyc,xgb_big,11334,10887,1004,1.9805159150184988,2.1785439041610477,1.5511525742789767,0.3779027098041832,2.5616335208415735,0.11903095245361328,
cell50,4,repeat4,enet_stats3,stats3,enet,11334,10887,1004,1.5474759342917184,2.10750836578511,1.1227785034155107,0.1205989791316937,1.8078788383586168,0.19842100143432617,
cell50,4,repeat4,xgb_stats3,stats3,xgb,11334,10887,1004,1.2763793632563847,1.8645561778124855,0.9404732761511168,-0.014802590845699874,1.2775019319379437,0.01621699333190918,
cell50,4,repeat4,svr_stats3,stats3,svr,11334,10887,1004,1.0589106307549268,1.8138250727319862,0.7404355818243321,0.037623348810533426,1.2267297340721923,1.8472199440002441,
cell50,4,repeat4,xgb_stats6,stats6,xgb,11334,10887,1004,1.2653479608813085,1.9573034805191687,0.9178895813668382,-0.005879407065710491,1.264670730589793,0.020985126495361328,
cell50,4,repeat4,svr_stats6,stats6,svr,11334,10887,1004,1.0704253084837652,1.851851190443221,0.757800842545683,0.06485065565638616,1.2138028144780935,2.0933680534362793,
cell50,4,repeat4,gpr_stats6,stats6,gpr,11334,10887,1004,1.1796264304494595,2.099118487006277,0.8002439713444335,-0.033145635529397956,1.1652300184790143,3.317544937133789,
cell50,4,repeat4,xgb_ecm6,ecm6,xgb,11334,10887,1004,1.3809908066118692,2.2574954756568935,0.9309023411214538,0.03556991639645049,1.5188184157127729,0.02859807014465332,
cell50,4,repeat4,svr_ecm6,ecm6,svr,11334,10887,1004,1.2362126741951092,2.081387486621724,0.7845474430837018,0.019626297677853982,1.1405983155550836,1.6503288745880127,
cell50,4,repeat4,gpr_ecm6,ecm6,gpr,11334,10887,1004,1.2703390016184566,2.221977064561099,0.7952176040586881,0.07111984554488561,1.3237855155569145,2.9495689868927,
cell50,4,repeat4,xgb_raw14,raw14,xgb,11334,10887,1004,1.3665398949193532,2.173192710906424,0.9737499179771743,0.006782572362031856,1.3676225204445633,0.03949999809265137,
cell50,4,repeat4,svr_raw14,raw14,svr,11334,10887,1004,1.011916664357042,1.6262077766993475,0.7210760218551532,-0.004054281171647511,1.088487209069757,1.7365570068359375,
cell50,4,repeat4,gpr_raw14,raw14,gpr,11334,10887,1004,1.1924044215308123,1.9804555004832032,0.8426592707029581,-0.08477629255169022,1.1772069487695558,7.4444169998168945,
cell50,4,repeat4,mlp_stats3,stats3,mlp,11334,10887,1004,1.0888246667123977,1.6833876944097275,0.7897911225082297,0.026349248845628562,1.207962100285388,2.234734058380127,
cell50,4,repeat4,mlp_ecm6,ecm6,mlp,11334,10887,1004,1.1525474351293088,1.8675995502103002,0.7415005917050017,0.11127906688190269,1.2854733315120752,2.646697998046875,
cell50,4,repeat4,mlp_raw14,raw14,mlp,11334,10887,1004,1.025280359161321,1.6308919365379724,0.7351891065411577,0.0913468352382206,1.154052698103464,2.837290048599243,
cell50,5,repeat5,mean,raw14,mean,11028,11193,1005,5.924285046653014,5.764238225945278,4.930356139300825,-0.5163949464792984,6.4259079863389035,0.005841255187988281,
cell50,5,repeat5,urelax_linear,urelax,linear,11028,11193,1005,2.6306701673640362,4.25268446014771,1.7154495425003045,-0.3024552799637309,1.3985154565452873,0.00630497932434082,
cell50,5,repeat5,cycle_cond_xgb,cyc,xgb_big,11028,11193,1005,1.8201421555184099,2.089752791648124,1.427335599255767,-0.5248286212723831,1.9081632457296838,0.11440801620483398,
cell50,5,repeat5,enet_stats3,stats3,enet,11028,11193,1005,1.499428079989931,2.335869226151609,1.0216786434381893,-0.25950468810568744,1.5895498117664428,0.1730799674987793,
cell50,5,repeat5,xgb_stats3,stats3,xgb,11028,11193,1005,1.2875392419156453,1.9213624152644408,0.8832493591403238,-0.13051316558339118,1.1029406968842774,0.0158388614654541,
cell50,5,repeat5,svr_stats3,stats3,svr,11028,11193,1005,1.0341698262346166,1.8621570951043054,0.6916914323231713,-0.09315865311224437,1.129295828631486,1.9739718437194824,
cell50,5,repeat5,xgb_stats6,stats6,xgb,11028,11193,1005,1.2256129822659612,1.9682187198961334,0.8289683798964473,-0.1934377943979426,1.0906593269864584,0.022176027297973633,
cell50,5,repeat5,svr_stats6,stats6,svr,11028,11193,1005,1.082805271269908,2.0496069691836225,0.6997940627524237,-0.14121446848215885,1.0921751614833684,2.847208023071289,
cell50,5,repeat5,xgb_ecm6,ecm6,xgb,11028,11193,1005,1.3449963943182184,2.113140517630377,0.9146209801110425,-0.10775474736668758,1.3655393185595337,0.023363828659057617,
cell50,5,repeat5,svr_ecm6,ecm6,svr,11028,11193,1005,1.3144375838235391,2.357184698184076,0.7845929335472993,-0.07218655635758808,1.2181964150979068,2.2480251789093018,
cell50,5,repeat5,xgb_raw14,raw14,xgb,11028,11193,1005,1.4759396033755243,2.151845230212141,0.9853771247453716,-0.2370705947343988,1.1423333483722407,0.03512930870056152,
cell50,5,repeat5,svr_raw14,raw14,svr,11028,11193,1005,1.04240345768754,1.6729172314342602,0.7103389774147569,-0.10257224205765092,1.037875219903972,2.0023441314697266,
cell50,5,repeat5,mlp_stats3,stats3,mlp,11028,11193,1005,1.0565801895564437,1.6743900646588445,0.7161311194535199,-0.09937934110258315,1.0144519541336032,2.250032901763916,
cell50,5,repeat5,mlp_ecm6,ecm6,mlp,11028,11193,1005,1.2584997609865476,2.112145060352973,0.7442177946808647,-0.0038158058177746343,1.3264335362317512,3.082041025161743,
cell50,5,repeat5,mlp_raw14,raw14,mlp,11028,11193,1005,0.9987650940893912,1.6790396322056411,0.6697351469430982,-0.15810292478377536,1.0152854648004157,2.6948740482330322,
cell50,6,repeat6,mean,raw14,mean,10287,11934,1006,6.070829929640423,5.751905751704718,5.138340227312968,0.44166169927204024,6.992626368929379,0.0060269832611083984,
cell50,6,repeat6,urelax_linear,urelax,linear,10287,11934,1006,2.5302230832813084,4.095238595127099,1.7067437657534403,0.05708938623600238,1.5474666791295246,0.00677800178527832,
cell50,6,repeat6,cycle_cond_xgb,cyc,xgb_big,10287,11934,1006,1.9952625529296022,1.9374755197602627,1.6120748303626864,0.011135686292759872,2.43951260679975,0.11615109443664551,
cell50,6,repeat6,enet_stats3,stats3,enet,10287,11934,1006,1.6232074017612355,2.2693509643415264,1.2012854599726663,-0.16565846035291365,1.9131551730674574,0.21969294548034668,
cell50,6,repeat6,xgb_stats3,stats3,xgb,10287,11934,1006,1.2693440773923996,1.9121666047039914,0.8856537820507709,-0.05327794752847728,1.2741291909185783,0.015834808349609375,
cell50,6,repeat6,svr_stats3,stats3,svr,10287,11934,1006,1.1849208981704247,1.9992567703842348,0.8234265243950302,-0.07739819946777382,1.3367932666661413,1.7051682472229004,
cell50,6,repeat6,xgb_stats6,stats6,xgb,10287,11934,1006,1.2412092162753487,1.8891133551244257,0.8774470439329296,-0.028163472515892553,1.3290858764852942,0.02056407928466797,
cell50,6,repeat6,svr_stats6,stats6,svr,10287,11934,1006,1.1766790189864005,1.9649309734561349,0.820176398470027,-0.06690937073852402,1.3196612871630262,1.8989880084991455,
cell50,6,repeat6,xgb_ecm6,ecm6,xgb,10287,11934,1006,1.2987072523636063,2.0562859619846376,0.9268168885002932,-0.07974907699831925,1.2746539870843678,0.02319812774658203,
cell50,6,repeat6,svr_ecm6,ecm6,svr,10287,11934,1006,1.2553401447553867,2.1718970612538926,0.8093299606606933,-0.0752849584836261,1.1654005807463528,2.0615358352661133,
cell50,6,repeat6,xgb_raw14,raw14,xgb,10287,11934,1006,1.4234265817122809,2.1397059512166043,0.9976587516734646,-0.09433095677744384,1.2650686623545444,0.03628897666931152,
cell50,6,repeat6,svr_raw14,raw14,svr,10287,11934,1006,1.0715037164326662,1.740132063300332,0.7617779227865128,-0.08850315583424394,1.0533964564213172,2.1533827781677246,
cell50,6,repeat6,mlp_stats3,stats3,mlp,10287,11934,1006,1.1309407254705894,1.6962417709623219,0.8067916380120875,-0.00515503348966586,1.1866069916695583,2.5621392726898193,
cell50,6,repeat6,mlp_ecm6,ecm6,mlp,10287,11934,1006,1.040032881467981,1.7838335754727996,0.709480732174733,-0.11506945964559849,1.0175437197618078,2.9019322395324707,
cell50,6,repeat6,mlp_raw14,raw14,mlp,10287,11934,1006,1.1619630836425718,1.7696954610337583,0.8215990052482584,0.008423625155065936,1.2141877617465755,2.1468539237976074,
cell50,7,repeat7,mean,raw14,mean,10630,11591,1007,5.984550152160606,5.622625380948632,5.0083221926337735,0.4164596228018432,6.998077403482439,0.006058931350708008,
cell50,7,repeat7,urelax_linear,urelax,linear,10630,11591,1007,2.491887059086295,4.106153383375721,1.5910764657797325,-0.21641010973486174,1.3929011586143645,0.006887197494506836,
cell50,7,repeat7,cycle_cond_xgb,cyc,xgb_big,10630,11591,1007,1.869979162746071,2.055155529714777,1.4346877519320789,-0.059594694876785086,2.1247212805753204,0.11873698234558105,
cell50,7,repeat7,enet_stats3,stats3,enet,10630,11591,1007,1.6103569695553204,2.287272129988012,1.1440513149112246,-0.24904405971028976,2.006048686784751,0.20234322547912598,
cell50,7,repeat7,xgb_stats3,stats3,xgb,10630,11591,1007,1.3204900672741113,1.9882310556989418,0.9200920287282467,-0.3097962827940362,1.3457135373930307,0.016628026962280273,
cell50,7,repeat7,svr_stats3,stats3,svr,10630,11591,1007,1.0995025241658574,1.7816423636827488,0.767774116562769,-0.22466841492745177,1.1878912010582972,2.118177890777588,
cell50,7,repeat7,xgb_stats6,stats6,xgb,10630,11591,1007,1.3354601676133453,2.026952788062906,0.896126429286005,-0.3039637690378186,1.1903513649615787,0.02079319953918457,
cell50,7,repeat7,svr_stats6,stats6,svr,10630,11591,1007,1.0731461979249493,1.739465448564232,0.7563059130329799,-0.22937418037426954,1.145254450933751,2.1725027561187744,
cell50,7,repeat7,xgb_ecm6,ecm6,xgb,10630,11591,1007,1.368003783850381,2.31421403936155,0.9065659523235147,-0.1715036789108944,1.4071148423886066,0.02952432632446289,
cell50,7,repeat7,svr_ecm6,ecm6,svr,10630,11591,1007,1.3324228487577487,2.2815378248285962,0.81543260344425,-0.1712366031876801,1.2857667161340767,2.293522357940674,
cell50,7,repeat7,xgb_raw14,raw14,xgb,10630,11591,1007,1.3745354392720894,2.0676166009675057,0.9716651199066345,-0.22307326326463317,1.180312125540713,0.04182028770446777,
cell50,7,repeat7,svr_raw14,raw14,svr,10630,11591,1007,1.0325859236100705,1.6476755519030641,0.7329267320096785,-0.23290193955066416,1.0597599229100443,1.687352180480957,
cell50,7,repeat7,mlp_stats3,stats3,mlp,10630,11591,1007,1.241789902233054,1.8647792954738098,0.8680185301294182,-0.287034452063421,1.4935549508917216,2.1348369121551514,
cell50,7,repeat7,mlp_ecm6,ecm6,mlp,10630,11591,1007,1.1759700722762365,1.907088187236026,0.7448270227071808,-0.20798076172721425,1.0921752201585893,1.870469093322754,
cell50,7,repeat7,mlp_raw14,raw14,mlp,10630,11591,1007,1.1940158337327353,1.8523310365104302,0.8139239935910083,-0.26570328841911445,1.374993875575509,2.1900570392608643,
cell50,8,repeat8,mean,raw14,mean,10819,11402,1008,6.004746909030914,5.807738026067703,5.0432706603207835,-0.12831076448042258,6.680200644158614,0.014317750930786133,
cell50,8,repeat8,urelax_linear,urelax,linear,10819,11402,1008,2.7094888208202583,4.129506434257436,1.943390611722624,-0.00025673731348510565,1.7336667137473207,0.006762981414794922,
cell50,8,repeat8,cycle_cond_xgb,cyc,xgb_big,10819,11402,1008,2.220595000063845,2.0938484308274203,1.7549171350546167,0.27081494537078077,2.896138581072266,0.12511801719665527,
cell50,8,repeat8,enet_stats3,stats3,enet,10819,11402,1008,1.7670015608253937,2.5281032010142193,1.2715767260625992,0.2357401188438869,1.8201285653118193,0.20599985122680664,
cell50,8,repeat8,xgb_stats3,stats3,xgb,10819,11402,1008,1.2964615474391181,1.7121162046160634,0.9426528814534516,0.04177811853764689,1.224871836607818,0.01736283302307129,
cell50,8,repeat8,svr_stats3,stats3,svr,10819,11402,1008,1.1266867885914238,1.8776567869729393,0.798741794773173,0.14191942600365767,1.219092132292599,2.251065969467163,
cell50,8,repeat8,xgb_stats6,stats6,xgb,10819,11402,1008,1.3679139340385327,1.9012820872109912,0.9774114393925094,0.06896248803855436,1.3587769103104084,0.020640850067138672,
cell50,8,repeat8,svr_stats6,stats6,svr,10819,11402,1008,1.0957773854150092,1.7049502922703463,0.8076499300718308,0.14353235890249455,1.2075943260200481,1.8884639739990234,
cell50,8,repeat8,xgb_ecm6,ecm6,xgb,10819,11402,1008,1.3272459609402663,1.9599695086806923,0.9408849485930179,-0.024866363292083575,1.2541140143628449,0.023422956466674805,
cell50,8,repeat8,svr_ecm6,ecm6,svr,10819,11402,1008,1.2800919267966562,2.185872703157298,0.8319267581467522,0.09412681487997471,1.2498201484721831,1.669814109802246,
cell50,8,repeat8,xgb_raw14,raw14,xgb,10819,11402,1008,1.4717179551988269,2.1595279373455076,1.0438701857486847,-0.024209290303099304,1.3146073591948126,0.03440976142883301,
cell50,8,repeat8,svr_raw14,raw14,svr,10819,11402,1008,1.0753749188995483,1.585053842410767,0.7661238891158815,0.06920205601424528,1.067482886543858,1.9223518371582031,
cell50,8,repeat8,mlp_stats3,stats3,mlp,10819,11402,1008,1.1630213539217487,1.6072209438852882,0.8178359665184298,-0.039668438423913474,1.1972487413326727,1.8586540222167969,
cell50,8,repeat8,mlp_ecm6,ecm6,mlp,10819,11402,1008,1.0987731262214022,2.0177064210782936,0.7262662260778021,0.050764840653469034,1.0241119577013658,2.7047481536865234,
cell50,8,repeat8,mlp_raw14,raw14,mlp,10819,11402,1008,1.1411366852791336,1.6439394874751565,0.7727581511044883,0.006129921590062412,1.1743667922898355,1.1975598335266113,
cell50,9,repeat9,mean,raw14,mean,10439,11782,1009,5.8241157100220855,5.745028432060785,4.818050849056674,-0.26393597400157587,6.520674198189816,0.006170988082885742,
cell50,9,repeat9,urelax_linear,urelax,linear,10439,11782,1009,2.5346806503899275,4.175517422739335,1.5641639720843328,-0.24750395432385944,1.2810626158432044,0.0067157745361328125,
cell50,9,repeat9,cycle_cond_xgb,cyc,xgb_big,10439,11782,1009,1.8731570112539349,1.8459518168326492,1.4694767921550866,-0.573295573972871,1.936730278009264,0.1205601692199707,
cell50,9,repeat9,enet_stats3,stats3,enet,10439,11782,1009,1.7542585447451797,2.2522326061461757,1.282926114035983,-0.2428705049170912,2.3004456816152645,0.18230295181274414,
cell50,9,repeat9,xgb_stats3,stats3,xgb,10439,11782,1009,1.2516179939174732,1.8806904269086104,0.8965643406972444,-0.05318907498296355,1.2800116955574392,0.01611924171447754,
cell50,9,repeat9,svr_stats3,stats3,svr,10439,11782,1009,1.1594792379957597,1.8499455508663714,0.8048693912625318,-0.03696389493051427,1.2563317174936475,1.7236568927764893,
cell50,9,repeat9,xgb_stats6,stats6,xgb,10439,11782,1009,1.213965851791055,1.9243904800982106,0.8488566111989063,-0.059425161617746955,1.1611675354818725,0.022420883178710938,
cell50,9,repeat9,svr_stats6,stats6,svr,10439,11782,1009,1.132047196580509,1.812192480124956,0.7841219403742787,-0.01857481914401593,1.2024826238156652,2.309903144836426,
cell50,9,repeat9,xgb_ecm6,ecm6,xgb,10439,11782,1009,1.26313183452289,1.9497266203779424,0.8985238129116785,-0.08506089825917183,1.1584124441924522,0.02368307113647461,
cell50,9,repeat9,svr_ecm6,ecm6,svr,10439,11782,1009,1.2509784904461065,2.168467272995593,0.8290892632460781,-0.10193320064835072,1.269573075013949,2.0241892337799072,
cell50,9,repeat9,xgb_raw14,raw14,xgb,10439,11782,1009,1.4432469159956318,2.250400269718279,0.9817890145280074,-0.14510399939506421,1.2364246423196932,0.03327608108520508,
cell50,9,repeat9,svr_raw14,raw14,svr,10439,11782,1009,1.1410578581893545,1.6138648134189995,0.801774520360597,-0.04263230079499391,1.1846258864719943,1.7830562591552734,
cell50,9,repeat9,mlp_stats3,stats3,mlp,10439,11782,1009,1.10059730435784,1.5135906196429096,0.7623072291043156,-0.017292083035287103,1.141153678599072,1.7157871723175049,
cell50,9,repeat9,mlp_ecm6,ecm6,mlp,10439,11782,1009,1.3081317634365053,1.9754979112410203,0.8827990810313376,-0.13871828375481085,1.242413128450267,0.632343053817749,
cell50,9,repeat9,mlp_raw14,raw14,mlp,10439,11782,1009,1.1096465041873422,1.5683726540359155,0.7738587515329778,-0.015882106904422436,1.1719265017831326,2.319150924682617,
cell,0,repeat0,mean,raw14,mean,17719,4502,0,6.087303172233702,6.905383853466981,5.073509638001383,0.4055940179193136,7.014205659357679,0.005586147308349609,
cell,0,repeat0,urelax_linear,urelax,linear,17719,4502,0,2.4131523119578753,4.017753963484687,1.459483735967813,-0.003978984669611764,1.2716509424076536,0.006064891815185547,
cell,0,repeat0,cycle_cond_xgb,cyc,xgb_big,17719,4502,0,1.859504167329821,1.909922138431392,1.4863077057770377,-0.16633031517529165,2.1013473504083366,0.14682602882385254,
cell,0,repeat0,enet_stats3,stats3,enet,17719,4502,0,1.5726578214512743,2.596127588780873,1.1304942141859118,-0.47834985945281167,1.880864677667086,0.22730207443237305,
cell,0,repeat0,xgb_stats3,stats3,xgb,17719,4502,0,0.9962130850493168,1.8439206931112333,0.6434119826456506,-0.25306201881363366,0.8780115474877755,0.0186460018157959,
cell,0,repeat0,svr_stats3,stats3,svr,17719,4502,0,0.891805932249933,1.8874366308508823,0.5577479028690222,-0.2695220817173348,0.8048550830633263,3.280118942260742,
cell,0,repeat0,xgb_stats6,stats6,xgb,17719,4502,0,0.9419985259083732,1.7800099919324235,0.6394868320239908,-0.21655246862921176,0.8197258222097258,0.0259249210357666,
cell,0,repeat0,svr_stats6,stats6,svr,17719,4502,0,0.8661039104766977,1.8311418597525924,0.5640600899247844,-0.2799341214481022,0.7883300172687352,3.5335206985473633,
cell,0,repeat0,gpr_stats6,stats6,gpr,17719,4502,0,1.1673686486831703,2.514189790067194,0.6210421547740821,-0.2358539401733614,0.7046618707253237,2.775501012802124,
cell,0,repeat0,xgb_ecm6,ecm6,xgb,17719,4502,0,1.15069413942428,2.294742155276383,0.7703465692150219,-0.16605973762636345,0.9508729627879878,0.028439044952392578,
cell,0,repeat0,svr_ecm6,ecm6,svr,17719,4502,0,1.1644876260713743,2.483861792262098,0.6538771052002398,-0.24461671279372038,0.8842882154554712,3.1250319480895996,
cell,0,repeat0,gpr_ecm6,ecm6,gpr,17719,4502,0,1.3823521888725079,3.5308284167663393,0.6875474628013731,-0.04381256110830457,1.5762907394840278,2.3194260597229004,
cell,0,repeat0,xgb_raw14,raw14,xgb,17719,4502,0,1.139415903960198,2.078545280815634,0.7535359092287417,-0.10652612591186778,0.9234382271391731,0.050559043884277344,
cell,0,repeat0,svr_raw14,raw14,svr,17719,4502,0,0.7541682109331893,1.592949573231166,0.5264481714902698,-0.2103655781921641,0.6826337694858764,2.4337399005889893,
cell,0,repeat0,gpr_raw14,raw14,gpr,17719,4502,0,1.1415380570613927,2.4292043167227906,0.6629230207714409,-0.2094973307962482,0.7801372425922489,24.874815940856934,
cell,0,repeat0,mlp_stats3,stats3,mlp,17719,4502,0,0.7533066346939785,1.5565122240090814,0.5279504747528251,-0.18590025876846358,0.7421366789310837,2.1436970233917236,
cell,0,repeat0,mlp_ecm6,ecm6,mlp,17719,4502,0,0.8187088260942919,1.7001445939690238,0.5128324260922094,-0.21561916217272872,0.7427329633818331,4.5056798458099365,
cell,0,repeat0,mlp_raw14,raw14,mlp,17719,4502,0,0.7975737741377059,1.6326506718810518,0.5546992738143935,-0.23566595082915925,0.7158868163040408,3.395171880722046,
cell,1,repeat1,mean,raw14,mean,17203,5018,1,5.83360242973154,5.560357562230465,4.826706004672991,0.3388430819005182,6.8111633950878225,0.005734920501708984,
cell,1,repeat1,urelax_linear,urelax,linear,17203,5018,1,2.536224061380283,4.08123213530816,1.5588399697145574,0.18339220063461173,1.6688262861745031,0.006290912628173828,
cell,1,repeat1,cycle_cond_xgb,cyc,xgb_big,17203,5018,1,1.7924589930144161,1.4998878939292775,1.4277397859363823,0.33443073439339727,2.14480364739982,0.15053582191467285,
cell,1,repeat1,enet_stats3,stats3,enet,17203,5018,1,1.79816358640036,2.4628761156387053,1.2959767145779713,0.07483752417133178,2.2490806689551497,0.24660706520080566,
cell,1,repeat1,xgb_stats3,stats3,xgb,17203,5018,1,1.285285007162323,1.8691865405634271,0.877862676597647,0.09971127917499667,1.1460238369312794,0.019652128219604492,
cell,1,repeat1,svr_stats3,stats3,svr,17203,5018,1,1.2317182523223444,1.997419248756721,0.8103933405699211,0.13529326914338446,1.264746396013682,3.8229291439056396,
cell,1,repeat1,xgb_stats6,stats6,xgb,17203,5018,1,1.3401807726641817,1.9373997369782712,0.8784214813238991,0.16451039509792378,1.3042593676647394,0.02565598487854004,
cell,1,repeat1,svr_stats6,stats6,svr,17203,5018,1,1.2201676886453205,1.9363417507440424,0.8340027494973038,0.08188274351513564,1.2331215928919217,3.9833478927612305,
cell,1,repeat1,gpr_stats6,stats6,gpr,17203,5018,1,1.2426780134358184,2.0417035249651603,0.7933314824940372,0.13329047748756173,1.2757297631817472,3.2883200645446777,
cell,1,repeat1,xgb_ecm6,ecm6,xgb,17203,5018,1,1.2921996613422027,2.0668876971265258,0.9001774703855053,0.07927146623844579,1.1147297682241537,0.03228902816772461,
cell,1,repeat1,svr_ecm6,ecm6,svr,17203,5018,1,1.250493223160246,2.127399251315514,0.8050807915760162,0.03676696803025187,1.0982064671158893,3.200343132019043,
cell,1,repeat1,gpr_ecm6,ecm6,gpr,17203,5018,1,1.0916887846990215,1.9181122143512628,0.7021597380355498,0.035459485906360395,0.983150967616617,4.011852025985718,
cell,1,repeat1,xgb_raw14,raw14,xgb,17203,5018,1,1.5243601150160022,2.1412773362797295,1.0424579444914406,0.1137879530027325,1.2542142389393018,0.051580190658569336,
cell,1,repeat1,svr_raw14,raw14,svr,17203,5018,1,1.204738761526687,1.7199171783556455,0.8143006659015792,0.17401006153494933,1.2357325851288636,3.0551459789276123,
cell,1,repeat1,gpr_raw14,raw14,gpr,17203,5018,1,1.307523182093981,1.9793110677347698,0.8866148432915659,0.19065911184880371,1.3833946589944006,16.46795105934143,
cell,1,repeat1,mlp_stats3,stats3,mlp,17203,5018,1,1.1842207680147563,1.542456346215448,0.7320777219974911,0.2055853656477059,1.0919386542255152,2.934785842895508,
cell,1,repeat1,mlp_ecm6,ecm6,mlp,17203,5018,1,1.0494524194383092,1.855921285529767,0.67707411928802,0.1455281854948889,1.073845814479287,3.8995437622070312,
cell,1,repeat1,mlp_raw14,raw14,mlp,17203,5018,1,1.13762112799792,1.5190075551614066,0.7521377798840848,0.19333575178422743,1.1262527128452666,2.510584831237793,
cell,2,repeat2,mean,raw14,mean,18521,3700,2,5.917076540890279,6.716454507424981,4.915741943026144,-0.9001030767787018,6.23449073449501,0.0053861141204833984,
cell,2,repeat2,urelax_linear,urelax,linear,18521,3700,2,2.825930393885364,4.812771967227504,1.819958929959593,-0.0008120781041071147,1.3837595921827024,0.007864952087402344,
cell,2,repeat2,cycle_cond_xgb,cyc,xgb_big,18521,3700,2,1.8455721689364089,1.889728783809408,1.5099562021140271,-0.08722071214904466,2.063757028785856,0.1498401165008545,
cell,2,repeat2,enet_stats3,stats3,enet,18521,3700,2,1.6178405768952144,2.810838284475245,1.0789033510400792,0.08198361995305647,1.8708413142285056,0.2418229579925537,
cell,2,repeat2,xgb_stats3,stats3,xgb,18521,3700,2,1.0092962337528126,1.757937558308225,0.6745566817731361,-0.03846754723906327,0.892624839459252,0.018650054931640625,
cell,2,repeat2,svr_stats3,stats3,svr,18521,3700,2,0.9577274544326766,2.007776857222337,0.539745649771342,0.03692282969603164,1.0632395378017716,4.0047478675842285,
cell,2,repeat2,xgb_stats6,stats6,xgb,18521,3700,2,1.0701575128552516,1.9687836719877987,0.6828854297472178,-0.03392617269744553,1.0393600552372468,0.02879810333251953,
cell,2,repeat2,svr_stats6,stats6,svr,18521,3700,2,0.9002145852361813,1.9414964619515893,0.5280004463551391,0.041349543349438356,0.9965167596516074,4.948112964630127,
cell,2,repeat2,gpr_stats6,stats6,gpr,18521,3700,2,1.0889794294753503,2.0899212743893716,0.6574862891523607,-0.08575982094429166,0.8675984453681759,6.184437036514282,
cell,2,repeat2,xgb_ecm6,ecm6,xgb,18521,3700,2,1.1146426516032577,1.9106103547066295,0.7743558102088777,0.01565534051408832,1.033238093844089,0.03274393081665039,
cell,2,repeat2,svr_ecm6,ecm6,svr,18521,3700,2,1.3415097610412772,2.4901895277384076,0.7492844507341788,-0.10649165037156362,1.076603752811598,3.890549898147583,
cell,2,repeat2,gpr_ecm6,ecm6,gpr,18521,3700,2,1.2417897016176778,2.4394625221116675,0.7224188537134534,-0.1204490703813766,0.9564445630742234,3.446094274520874,
cell,2,repeat2,xgb_raw14,raw14,xgb,18521,3700,2,1.1991907453963706,2.1630367739797003,0.7631943866773241,0.02078323442591395,1.20739955927847,0.05345582962036133,
cell,2,repeat2,svr_raw14,raw14,svr,18521,3700,2,0.8987342796858194,1.8438424532449835,0.5741830034501137,0.08209892578342104,0.9581252643523068,3.103074073791504,
cell,2,repeat2,gpr_raw14,raw14,gpr,18521,3700,2,1.210470623888135,2.4607473923501257,0.7255310640021403,-0.06442580154487436,1.022361661409264,18.88428282737732,
cell,2,repeat2,mlp_stats3,stats3,mlp,18521,3700,2,0.8558242603501777,1.5206533657896417,0.5799311551529901,0.06513306034840638,0.7549669902523513,2.2382330894470215,
cell,2,repeat2,mlp_ecm6,ecm6,mlp,18521,3700,2,0.9923964003822434,1.9684885112680481,0.5678830658947555,-0.016979703548210746,0.9821616404144048,4.587126016616821,
cell,2,repeat2,mlp_raw14,raw14,mlp,18521,3700,2,0.8369205713008381,1.6299302386853374,0.532307081035845,-0.023926612234530725,0.7325319003671185,3.3528079986572266,
cell,3,repeat3,mean,raw14,mean,17005,5216,3,6.093455473030861,5.771205019275161,5.109586349003749,0.969490414086825,7.159930788014197,0.005123138427734375,
cell,3,repeat3,urelax_linear,urelax,linear,17005,5216,3,2.372341503971063,3.9657752594922386,1.677246179274618,0.4125030744578265,1.6345496863758406,0.006222963333129883,
cell,3,repeat3,cycle_cond_xgb,cyc,xgb_big,17005,5216,3,1.966832003475337,2.339498582946855,1.504129884326333,0.3586492505650007,2.444329707626316,0.1480112075805664,
cell,3,repeat3,enet_stats3,stats3,enet,17005,5216,3,1.3372723550209074,2.248929847641202,0.9294684612469825,-0.014939455083377118,1.5515844334443394,0.23081326484680176,
cell,3,repeat3,xgb_stats3,stats3,xgb,17005,5216,3,1.1942871536513398,2.0181614328997575,0.7109362766608859,-0.07352263227940939,0.83038939579784,0.01806807518005371,
cell,3,repeat3,svr_stats3,stats3,svr,17005,5216,3,0.8605304288423922,1.6429150752032933,0.5930010832245505,-0.004712477567405864,0.7716817948607322,3.430616855621338,
cell,3,repeat3,xgb_stats6,stats6,xgb,17005,5216,3,0.9719789722286628,1.7386857120838064,0.6636189051775229,-0.02002876630237365,0.7877047435886041,0.02790093421936035,
cell,3,repeat3,svr_stats6,stats6,svr,17005,5216,3,0.8424007940126954,1.5793038941616575,0.5846194562416435,-0.007379247240011211,0.7565333370210239,4.045169830322266,
cell,3,repeat3,gpr_stats6,stats6,gpr,17005,5216,3,0.8610263045426121,1.5701151563233862,0.5905574791629388,0.01049851521040606,0.662049318082859,4.875201940536499,
cell,3,repeat3,xgb_ecm6,ecm6,xgb,17005,5216,3,1.089861167505819,1.903486131093901,0.7585076571403248,-0.058019064218850384,0.90909808439574,0.05345606803894043,
cell,3,repeat3,svr_ecm6,ecm6,svr,17005,5216,3,1.0575416269750841,2.1108757106249554,0.6664838833587746,-0.13567164063642848,0.788989514065295,3.25193190574646,
cell,3,repeat3,gpr_ecm6,ecm6,gpr,17005,5216,3,0.9767780834569241,1.85021033359064,0.6173270967257055,-0.053750623983244004,0.6792058517680128,4.203605890274048,
cell,3,repeat3,xgb_raw14,raw14,xgb,17005,5216,3,1.2789069263695338,2.0888051234819285,0.792564634096162,-0.0626988755944888,0.8363326590271907,0.05496406555175781,
cell,3,repeat3,svr_raw14,raw14,svr,17005,5216,3,0.8085938440261407,1.4743124667186085,0.560920073393256,-0.04455236705307415,0.6519439654090177,2.8981261253356934,
cell,3,repeat3,gpr_raw14,raw14,gpr,17005,5216,3,0.8616285345656626,1.5293295030082967,0.5983912185387282,-0.037035298280790385,0.6951667706737733,17.308785915374756,
cell,3,repeat3,mlp_stats3,stats3,mlp,17005,5216,3,0.787951606601318,1.4748492709976717,0.5516197824860615,-0.12940845671425533,0.6462102569798814,2.4910762310028076,
cell,3,repeat3,mlp_ecm6,ecm6,mlp,17005,5216,3,0.8394053578443469,1.4435802012663135,0.5543930803324217,-0.02869593346543301,0.6820309088132263,3.3720219135284424,
cell,3,repeat3,mlp_raw14,raw14,mlp,17005,5216,3,0.7366751596734482,1.371785144077057,0.49820236503829424,-0.004790574506530027,0.5898185247256013,3.3824331760406494,
cell,4,repeat4,mean,raw14,mean,17645,4576,4,5.982725626675223,5.698933955955673,4.939311942604498,0.14107665464435384,6.996515172856658,0.007077217102050781,
cell,4,repeat4,urelax_linear,urelax,linear,17645,4576,4,2.6734423419644706,4.2762495955588005,1.6951846893330043,-0.04814304661036609,1.465191490552802,0.006466865539550781,
cell,4,repeat4,cycle_cond_xgb,cyc,xgb_big,17645,4576,4,1.715602528866858,1.9368542352255411,1.3733720938626333,0.45344481121184316,2.1437473535260287,0.16955995559692383,
cell,4,repeat4,enet_stats3,stats3,enet,17645,4576,4,1.5753802170524724,2.6552782103960637,1.0384772724227833,-0.021202861348535117,1.3960555207545562,0.24933195114135742,
cell,4,repeat4,xgb_stats3,stats3,xgb,17645,4576,4,1.0885675866427624,1.7786989894231977,0.7166266930588372,-0.12616907884416673,0.9172275857741302,0.019510984420776367,
cell,4,repeat4,svr_stats3,stats3,svr,17645,4576,4,0.9631312116401046,1.8563602722021584,0.6106461428376566,-0.15058830327725634,0.9401748423885682,4.5494489669799805,
cell,4,repeat4,xgb_stats6,stats6,xgb,17645,4576,4,1.1836025421313925,1.8932495742694115,0.7461209245924791,-0.2022969035628855,0.9179384285162372,0.03287982940673828,
cell,4,repeat4,svr_stats6,stats6,svr,17645,4576,4,0.9096812099082887,1.6306755648588875,0.5961036902540792,-0.16502799582194871,0.8498187476786129,4.434146165847778,
cell,4,repeat4,gpr_stats6,stats6,gpr,17645,4576,4,1.0760162821191963,1.6608974137446004,0.678146356860975,-0.23459447339551923,0.8507532560555561,2.248717784881592,
cell,4,repeat4,xgb_ecm6,ecm6,xgb,17645,4576,4,1.1938022874381575,2.070356161348568,0.8187654618652918,-0.1442641437263818,1.0383753395935333,0.031075239181518555,
cell,4,repeat4,svr_ecm6,ecm6,svr,17645,4576,4,1.0831008461719591,2.226633794224132,0.6287321952323728,-0.20107087700034473,0.8446137114603988,3.8477859497070312,
cell,4,repeat4,gpr_ecm6,ecm6,gpr,17645,4576,4,1.0443409408697761,2.002608073487585,0.660328843092643,-0.2066738117579579,0.8877718363597891,3.447077989578247,
cell,4,repeat4,xgb_raw14,raw14,xgb,17645,4576,4,1.3511252308146668,2.0335501162882723,0.8701360580510624,-0.20163342024288608,1.0436419880365864,0.04990696907043457,
cell,4,repeat4,svr_raw14,raw14,svr,17645,4576,4,0.961469526055023,1.6384086134523932,0.6496448586716563,-0.11722078995086303,0.7920594918024298,3.098266839981079,
cell,4,repeat4,gpr_raw14,raw14,gpr,17645,4576,4,1.1919955915297566,1.7857327443556974,0.7777614319604738,-0.2778910746119618,0.9278428789756626,10.849264144897461,
cell,4,repeat4,mlp_stats3,stats3,mlp,17645,4576,4,0.9597868814535578,1.6496641490910222,0.6122481955241146,-0.11990969116211876,0.8143740112310229,2.5572409629821777,
cell,4,repeat4,mlp_ecm6,ecm6,mlp,17645,4576,4,0.8858594112084873,1.5801147947507057,0.5851847897178155,-0.14243924735611352,0.6643654169101496,3.5003600120544434,
cell,4,repeat4,mlp_raw14,raw14,mlp,17645,4576,4,0.9400279466112145,1.7139281300588998,0.6055428851541705,-0.13235673335326512,0.8075085238428983,1.876051902770996,
cell,5,repeat5,mean,raw14,mean,17024,5197,5,5.547785573902896,5.4509301746298044,4.527558106897302,-0.22634332757847161,6.284823804650006,0.0058329105377197266,
cell,5,repeat5,urelax_linear,urelax,linear,17024,5197,5,2.2292298045331917,3.5059134231125224,1.326490263399196,-0.07894357557925416,1.2045828000204861,0.007472991943359375,
cell,5,repeat5,cycle_cond_xgb,cyc,xgb_big,17024,5197,5,1.727279467425958,1.797179350281879,1.4167115186037795,-0.3317354050201106,1.8374423191880793,0.1627182960510254,
cell,5,repeat5,enet_stats3,stats3,enet,17024,5197,5,1.513183991404579,2.428609303209218,1.0069639693622663,-0.2010508184347209,1.9587929752653432,0.25812363624572754,
cell,5,repeat5,xgb_stats3,stats3,xgb,17024,5197,5,1.0375450720872896,1.590961545168609,0.7828974541390796,-0.11491941864004634,1.0973952233709294,0.02123427391052246,
cell,5,repeat5,svr_stats3,stats3,svr,17024,5197,5,0.9058811592425383,1.530614256668739,0.6393064589449028,-0.10200544793729883,0.9312500187678985,4.01062798500061,
cell,5,repeat5,xgb_stats6,stats6,xgb,17024,5197,5,1.0176840117169683,1.6321104263863178,0.7469165066423387,-0.11225652235583251,0.9436798443196469,0.0280759334564209,
cell,5,repeat5,svr_stats6,stats6,svr,17024,5197,5,0.8926987971602272,1.4941623443875756,0.6364259978670606,-0.1027912430587024,0.9015275436964753,4.2361719608306885,
cell,5,repeat5,xgb_ecm6,ecm6,xgb,17024,5197,5,1.0966001131552359,1.848864816306936,0.7714017188102564,-0.07227416246434142,1.066592804267554,0.029499053955078125,
cell,5,repeat5,svr_ecm6,ecm6,svr,17024,5197,5,1.1133558642185486,2.011848992915265,0.6702600111275269,-0.0460521387087812,1.0991316921905496,4.539082050323486,
cell,5,repeat5,xgb_raw14,raw14,xgb,17024,5197,5,1.0859785979508843,1.7197975534806267,0.7911831701209914,-0.08424560684330126,1.138290268697584,0.04601097106933594,
cell,5,repeat5,svr_raw14,raw14,svr,17024,5197,5,0.8537243716779469,1.2876661191697016,0.6128856626869974,-0.09017683059546092,0.8764026135170762,2.9091713428497314,
cell,5,repeat5,mlp_stats3,stats3,mlp,17024,5197,5,0.8604156970294107,1.3309823282406015,0.6200148733531968,-0.10550261462355663,0.8114542097137896,2.489622116088867,
cell,5,repeat5,mlp_ecm6,ecm6,mlp,17024,5197,5,0.7913575670309733,1.3286609407207959,0.5577598500395184,-0.09463420648961025,0.8107012995694702,4.332545042037964,
cell,5,repeat5,mlp_raw14,raw14,mlp,17024,5197,5,0.8336362899048136,1.2603775581466956,0.6052542054838634,-0.07639998394984052,0.8516681351340103,4.223712205886841,
cell,6,repeat6,mean,raw14,mean,17037,5184,6,5.934767951002248,5.479755683327346,4.977372409976478,1.161243505662126,6.884984779948663,0.005968332290649414,
cell,6,repeat6,urelax_linear,urelax,linear,17037,5184,6,2.490639501971607,4.07442559415011,1.6106978445058588,0.20722297475916068,1.4526072904770442,0.006382942199707031,
cell,6,repeat6,cycle_cond_xgb,cyc,xgb_big,17037,5184,6,1.9771247717112423,1.752257607709987,1.435030890410981,1.1981878914918598,2.3413912734776576,0.16226816177368164,
cell,6,repeat6,enet_stats3,stats3,enet,17037,5184,6,1.7719688220350853,2.4568018359338133,1.2460186382504637,0.36522716895243823,2.037520057080984,0.2537519931793213,
cell,6,repeat6,xgb_stats3,stats3,xgb,17037,5184,6,1.423803142528438,2.2233802840903913,1.0043176791552657,-0.1476972488005787,1.321569059924022,0.026806116104125977,
cell,6,repeat6,svr_stats3,stats3,svr,17037,5184,6,1.2653453991508623,2.0113860971278306,0.9089280141985789,-0.192469480818761,1.21762637896229,3.8696157932281494,
cell,6,repeat6,xgb_stats6,stats6,xgb,17037,5184,6,1.374513263804397,2.121366166740784,0.9988452822328452,-0.17259526560290137,1.2165030017203098,0.027432918548583984,
cell,6,repeat6,svr_stats6,stats6,svr,17037,5184,6,1.2465449595436318,1.9697084657882402,0.8958130120342164,-0.15598265912699022,1.1620299895725044,4.239713191986084,
cell,6,repeat6,xgb_ecm6,ecm6,xgb,17037,5184,6,1.3711525992165958,2.3389754930889355,0.9716490283321002,-0.12659717005666168,1.3009346686479515,0.031152009963989258,
cell,6,repeat6,svr_ecm6,ecm6,svr,17037,5184,6,1.310211530086831,2.2602477345337983,0.8819750611700098,-0.22605764856544341,1.0976557163426826,3.397706985473633,
cell,6,repeat6,xgb_raw14,raw14,xgb,17037,5184,6,1.509195779166876,2.518554620792654,1.0337585648302248,-0.03635165384476345,1.3777517469219025,0.04658794403076172,
cell,6,repeat6,svr_raw14,raw14,svr,17037,5184,6,1.2892421123286215,1.9834266971136896,0.9286002319435493,-0.037442835571989255,1.206837494534123,2.8231091499328613,
cell,6,repeat6,mlp_stats3,stats3,mlp,17037,5184,6,1.305855590784727,2.053467325303448,0.9411844921817262,-0.20588164888903188,1.2015201300793643,1.9704570770263672,
cell,6,repeat6,mlp_ecm6,ecm6,mlp,17037,5184,6,1.0897730004777542,1.8700414863965824,0.7384327523125139,0.03547874162320621,0.9675302279330185,3.113576889038086,
cell,6,repeat6,mlp_raw14,raw14,mlp,17037,5184,6,1.284354959105962,2.014566096916579,0.9250240050390882,-0.2253596265501995,1.2138776532270747,2.2843949794769287,
cell,7,repeat7,mean,raw14,mean,18101,4120,7,6.215677038540752,7.0021949568580055,5.284225703105663,-1.1001377373143029,6.5103942534346775,0.006058931350708008,
cell,7,repeat7,urelax_linear,urelax,linear,18101,4120,7,2.553392917834082,4.518807748249063,1.5201587148551976,-0.00509982799033325,1.1706427161874955,0.006731986999511719,
cell,7,repeat7,cycle_cond_xgb,cyc,xgb_big,18101,4120,7,2.122353288253129,1.9503943518577003,1.8675336408836218,-1.6129387606450551,2.291037854852796,0.1632068157196045,
cell,7,repeat7,enet_stats3,stats3,enet,18101,4120,7,1.5956939090139253,2.636803354989057,1.131936920449767,-0.3453761964173103,2.1509659548777424,0.24189019203186035,
cell,7,repeat7,xgb_stats3,stats3,xgb,18101,4120,7,0.9046495028800172,1.7992810873173135,0.6468624958254393,0.08239601760362979,0.9553688150414692,0.021799087524414062,
cell,7,repeat7,svr_stats3,stats3,svr,18101,4120,7,0.8682719419986292,1.9011165513397674,0.5795151153685296,0.15139585256629584,1.0546568674735266,4.292707204818726,
cell,7,repeat7,xgb_stats6,stats6,xgb,18101,4120,7,0.8889382507388393,1.6681489692273783,0.6504615251263896,0.1114705730654763,0.9257231221220361,0.028493881225585938,
cell,7,repeat7,svr_stats6,stats6,svr,18101,4120,7,0.8544494966075971,1.8935177597899602,0.5784665369094552,0.17888887708947704,1.0313694341113298,4.912060022354126,
cell,7,repeat7,xgb_ecm6,ecm6,xgb,18101,4120,7,1.0121322739251724,2.0597239384124566,0.7137485822193474,0.061164921257228305,1.032065815763707,0.03012371063232422,
cell,7,repeat7,svr_ecm6,ecm6,svr,18101,4120,7,1.0561833581774696,2.3261955864155395,0.6734569650351175,0.06717465021400772,1.0122350913677036,3.5911190509796143,
cell,7,repeat7,xgb_raw14,raw14,xgb,18101,4120,7,1.0917971147491008,1.9816235083086127,0.7559936257829856,0.06046919906151967,0.9961619192042553,0.05248308181762695,
cell,7,repeat7,svr_raw14,raw14,svr,18101,4120,7,0.8269195793177505,1.6480858864099426,0.5935128343938478,0.12413858822869915,0.9577451979817733,2.7492220401763916,
cell,7,repeat7,mlp_stats3,stats3,mlp,18101,4120,7,0.7068476568796466,1.3418216963214356,0.5328144260169133,0.10077008019130768,0.7595586634223895,3.6095809936523438,
cell,7,repeat7,mlp_ecm6,ecm6,mlp,18101,4120,7,0.7753470930884515,1.6862889921812438,0.5362604408338016,0.07817701664239082,0.9186197995297599,4.507593870162964,
cell,7,repeat7,mlp_raw14,raw14,mlp,18101,4120,7,0.7468110737543556,1.491291296275123,0.5531464002521859,0.09637327116838662,0.8024669173733823,3.491607904434204,
cell,8,repeat8,mean,raw14,mean,17637,4584,8,5.7793726023013265,5.839928915910346,4.792168946244162,-0.07725674857604631,6.445872259424,0.0064618587493896484,
cell,8,repeat8,urelax_linear,urelax,linear,17637,4584,8,2.5561112630082015,4.096989083450812,1.787630962253147,0.30921399734605415,1.6522666151469774,0.006162881851196289,
cell,8,repeat8,cycle_cond_xgb,cyc,xgb_big,17637,4584,8,1.2996622381429153,2.0366653819248763,1.0207437811549522,0.45129288702794484,1.553399226171328,0.16805815696716309,
cell,8,repeat8,enet_stats3,stats3,enet,17637,4584,8,1.3896912277033437,2.6930262117848223,0.8471827165026988,-0.14556161253546984,1.2299216807229634,0.2804229259490967,
cell,8,repeat8,xgb_stats3,stats3,xgb,17637,4584,8,1.0643814471880804,1.6663877472400397,0.7755692358980717,0.12866946486337735,1.1234550143164654,0.020887136459350586,
cell,8,repeat8,svr_stats3,stats3,svr,17637,4584,8,0.8949439546047105,1.6022322774632687,0.6209042111117147,0.016337314116555104,1.0448839659146085,3.773452043533325,
cell,8,repeat8,xgb_stats6,stats6,xgb,17637,4584,8,1.0935386411939185,1.7291042150812543,0.788290708522074,0.08470728024405631,1.1281253509157403,0.02832484245300293,
cell,8,repeat8,svr_stats6,stats6,svr,17637,4584,8,0.8859668679996933,1.5542170882114097,0.6192867555026825,-0.04226980800486406,0.9994559352261387,3.8715779781341553,
cell,8,repeat8,xgb_ecm6,ecm6,xgb,17637,4584,8,1.1864852635860643,2.0232872519497116,0.8404803282717704,0.04155749757103776,1.1220638690365485,0.02982020378112793,
cell,8,repeat8,svr_ecm6,ecm6,svr,17637,4584,8,1.1992554624038363,2.5195936469654883,0.719497445992505,0.04845389601823144,1.2674379487536045,4.071911096572876,
cell,8,repeat8,xgb_raw14,raw14,xgb,17637,4584,8,1.245453440549004,1.9515065178257525,0.9122384775645346,0.18599436200369387,1.352721357336819,0.048583030700683594,
cell,8,repeat8,svr_raw14,raw14,svr,17637,4584,8,1.0374459844622261,2.0454807615821897,0.6410209969195021,0.044595440995539096,0.896661975106557,3.3549678325653076,
cell,8,repeat8,mlp_stats3,stats3,mlp,17637,4584,8,0.8689297468546976,1.2934553026357856,0.6355677277619262,0.10836629056342222,0.972477256266625,2.450824022293091,
cell,8,repeat8,mlp_ecm6,ecm6,mlp,17637,4584,8,0.9416648190349557,1.7211491050968288,0.6388396233497226,-0.07006460792244242,0.8040242432506435,1.8697919845581055,
cell,8,repeat8,mlp_raw14,raw14,mlp,17637,4584,8,0.7685156234644228,1.3368451688641143,0.5432456096929192,-0.050010669939778526,0.7666032081387579,4.106204032897949,
cell,9,repeat9,mean,raw14,mean,18184,4037,9,6.088735881622317,6.8250817542369555,5.065578529007849,-1.3583800437323426,6.591166098392695,0.006165027618408203,
cell,9,repeat9,urelax_linear,urelax,linear,18184,4037,9,2.453434891878673,4.013649387421526,1.4393711829664237,-0.3122093191147814,1.0135237047862784,0.007472038269042969,
cell,9,repeat9,cycle_cond_xgb,cyc,xgb_big,18184,4037,9,1.7970266093030824,1.543488994253536,1.5167482120156042,-0.8624882242015933,1.6570288729015263,0.1695082187652588,
cell,9,repeat9,enet_stats3,stats3,enet,18184,4037,9,1.6558114921575389,2.740624076287448,1.1130971221246382,-0.3078900040360864,2.198785289154398,0.26867198944091797,
cell,9,repeat9,xgb_stats3,stats3,xgb,18184,4037,9,1.0414254188896905,1.791271083959936,0.7624334763644433,-0.13039779502501908,1.0395195738775216,0.020117998123168945,
cell,9,repeat9,svr_stats3,stats3,svr,18184,4037,9,0.9113578463224343,1.8340404446679663,0.6547535946691857,-0.0826539820717496,1.0161223836487439,4.288025856018066,
cell,9,repeat9,xgb_stats6,stats6,xgb,18184,4037,9,1.095036244957207,2.0201761208778866,0.7646820359608614,-0.11518861202779439,1.1557805661924931,0.03012704849243164,
cell,9,repeat9,svr_stats6,stats6,svr,18184,4037,9,0.8922738798582827,1.7996004006435444,0.6441251446447178,-0.0817330580013412,0.9845708396179363,4.42119026184082,
cell,9,repeat9,xgb_ecm6,ecm6,xgb,18184,4037,9,1.0511364546062927,1.8252644540831024,0.7518009149371598,-0.04493447904568255,1.1492928268330653,0.02868819236755371,
cell,9,repeat9,svr_ecm6,ecm6,svr,18184,4037,9,1.0612411294141693,2.18280910671075,0.6880979917914022,-0.12504062585322595,1.2283874633546368,4.962820768356323,
cell,9,repeat9,xgb_raw14,raw14,xgb,18184,4037,9,1.1053601524329302,1.9465491586328814,0.7765277228659305,-0.08850924525245933,1.0624637162295418,0.05006527900695801,
cell,9,repeat9,svr_raw14,raw14,svr,18184,4037,9,0.8927175321992757,1.796251459602816,0.6435502964322202,-0.10043779172967955,0.8396483225053751,2.898469924926758,
cell,9,repeat9,mlp_stats3,stats3,mlp,18184,4037,9,0.9987074259695574,1.712199152971388,0.7012410546241483,-0.10977741721911025,1.1251844533455215,3.0432791709899902,
cell,9,repeat9,mlp_ecm6,ecm6,mlp,18184,4037,9,0.9064286683873352,1.6960293317856743,0.5906603218272708,-0.03443881627923176,1.1840180348890466,5.164568185806274,
cell,9,repeat9,mlp_raw14,raw14,mlp,18184,4037,9,0.8956250762165292,1.6897084441084873,0.6378483395007293,-0.0633377172756147,0.9593109342781193,5.300174951553345,
temp,0,hold_out_25C,mean,raw14,mean,16876,5345,0,6.104382284556995,5.897368510359651,5.251319400421637,-2.627848750097321,6.025670944574614,0.006308078765869141,
temp,0,hold_out_25C,urelax_linear,urelax,linear,16876,5345,0,5.359769103421372,6.712057219345076,4.245816708194868,-4.007900755427083,2.0597060943296515,0.006453037261962891,
temp,0,hold_out_25C,cycle_cond_xgb,cyc,xgb_big,16876,5345,0,4.872489570264477,6.447842085605419,3.5025063202053737,3.452050959861201,8.78193956584991,0.13304805755615234,
temp,0,hold_out_25C,enet_stats3,stats3,enet,16876,5345,0,5.648647564937132,8.94735236779563,3.320360268256068,-2.573069439811858,2.8741362880381702,0.25595808029174805,
temp,0,hold_out_25C,xgb_stats3,stats3,xgb,16876,5345,0,4.046106904267447,4.082007958211509,3.044433214245521,-1.8805025572993124,2.9746675169614734,0.0197298526763916,
temp,0,hold_out_25C,svr_stats3,stats3,svr,16876,5345,0,3.7215706377240214,4.2959972995426305,2.935346391218981,-0.0005871714583771192,5.892989069441626,3.9872989654541016,
temp,0,hold_out_25C,xgb_stats6,stats6,xgb,16876,5345,0,4.303192545177374,5.392083136287675,3.1803662145281604,-2.1688560343455547,2.539452548812262,0.026015043258666992,
temp,0,hold_out_25C,svr_stats6,stats6,svr,16876,5345,0,3.4763534277448214,3.9828270775933783,2.7546689386455188,-0.3936331994617165,4.725206829493366,3.500056028366089,
temp,0,hold_out_25C,gpr_stats6,stats6,gpr,16876,5345,0,3.7760800900283704,4.506228934275725,2.829320138872946,-1.718590776998212,2.457532004594418,3.5348551273345947,
temp,0,hold_out_25C,xgb_ecm6,ecm6,xgb,16876,5345,0,3.823160585048461,4.484998477876843,2.969481309383243,-2.091388757382518,2.374718290217188,0.03330111503601074,
temp,0,hold_out_25C,svr_ecm6,ecm6,svr,16876,5345,0,3.4430868917690005,4.052494316423362,2.6934550020811536,-0.38243533861674917,4.840861637719496,10.905545949935913,
temp,0,hold_out_25C,gpr_ecm6,ecm6,gpr,16876,5345,0,3.2774048308456303,4.054426165974922,2.5624992294096742,-1.2071229841777855,3.4433068715315387,3.8876302242279053,
temp,0,hold_out_25C,xgb_raw14,raw14,xgb,16876,5345,0,4.928764200941357,5.896377194396893,3.7148807577027396,-3.3358918988356754,1.9069636184057548,0.047612905502319336,
temp,0,hold_out_25C,svr_raw14,raw14,svr,16876,5345,0,3.1159267533808546,3.0415315569562615,2.513930095985041,-1.1902253317636102,2.9026219941818865,2.140787124633789,
temp,0,hold_out_25C,gpr_raw14,raw14,gpr,16876,5345,0,4.072379952437563,5.092814834845882,2.9840949983373255,-2.33091442388237,1.9140730874655922,6.8540191650390625,
temp,0,hold_out_25C,mlp_stats3,stats3,mlp,16876,5345,0,4.425392716889417,6.517861531913254,3.186515312646003,-0.3668931336924427,4.9824325695819125,1.7840831279754639,
temp,0,hold_out_25C,mlp_ecm6,ecm6,mlp,16876,5345,0,68.2369812392095,109.36455589402946,11.338852836465831,8.420042607629748,36.05136105355706,1.653149127960205,
temp,0,hold_out_25C,mlp_raw14,raw14,mlp,16876,5345,0,4.281806500538334,6.55670438455664,2.8786888827679205,-1.5765101173729652,2.936946189418545,1.810370922088623,
temp,1,hold_out_35C,mean,raw14,mean,21109,1112,0,5.441371242799535,5.441371242799535,4.379254670591727,-0.7614677691590308,6.384977767949206,0.0063512325286865234,
temp,1,hold_out_35C,urelax_linear,urelax,linear,21109,1112,0,1.0619913449167728,1.0619913449167728,0.8352590265213998,-0.7876626985298266,0.8467933064290923,0.006392955780029297,
temp,1,hold_out_35C,cycle_cond_xgb,cyc,xgb_big,21109,1112,0,7.1536747696504515,7.1536747696504515,6.215056647517919,-6.215056647517919,5.316488587146302,0.17647695541381836,
temp,1,hold_out_35C,enet_stats3,stats3,enet,21109,1112,0,0.7303869451857348,0.7303869451857348,0.5341692771562546,-0.03163338811313135,0.5107250787735974,0.2738032341003418,
temp,1,hold_out_35C,xgb_stats3,stats3,xgb,21109,1112,0,1.5404722645199183,1.5404722645199183,1.2365862362567628,-0.8303694793828587,1.9124730101990082,0.020494937896728516,
temp,1,hold_out_35C,svr_stats3,stats3,svr,21109,1112,0,1.471179706389047,1.471179706389047,1.170561026509242,-0.8697550474809268,2.045917355121725,4.4433300495147705,
temp,1,hold_out_35C,xgb_stats6,stats6,xgb,21109,1112,0,1.7013383741496837,1.7013383741496837,1.4048755102619723,-0.9341391290874419,2.2011866994323777,0.0305330753326416,
temp,1,hold_out_35C,svr_stats6,stats6,svr,21109,1112,0,1.459607455939781,1.459607455939781,1.1491662624547787,-0.7893469433250746,2.0681966389226734,4.746153354644775,
temp,1,hold_out_35C,gpr_stats6,stats6,gpr,21109,1112,0,1.3444083613406541,1.3444083613406541,1.089534429056937,-0.7931994865326059,1.6990747126494774,4.112383127212524,
temp,1,hold_out_35C,xgb_ecm6,ecm6,xgb,21109,1112,0,1.392167987811325,1.392167987811325,1.1009880530978906,-0.46493591080574387,1.5577912457626266,0.03504586219787598,
temp,1,hold_out_35C,svr_ecm6,ecm6,svr,21109,1112,0,1.1855401342303995,1.1855401342303995,0.9445140524799875,-0.3964667276277178,1.3561462928411874,4.20517897605896,
temp,1,hold_out_35C,gpr_ecm6,ecm6,gpr,21109,1112,0,1.1413180847777848,1.1413180847777848,0.913345512700393,-0.42537869805101747,1.044746906220615,3.3676230907440186,
temp,1,hold_out_35C,xgb_raw14,raw14,xgb,21109,1112,0,1.7229203032830505,1.7229203032830505,1.4787592653544364,-0.9060465970238821,1.7855854785849261,0.054616689682006836,
temp,1,hold_out_35C,svr_raw14,raw14,svr,21109,1112,0,1.361358286523084,1.361358286523084,1.0815189370158302,-0.6080211452707341,1.7235992027946414,3.492999792098999,
temp,1,hold_out_35C,gpr_raw14,raw14,gpr,21109,1112,0,1.3694787567661268,1.3694787567661268,1.0770354293426525,-0.6890877621092357,1.683840325394374,10.18016529083252,
temp,1,hold_out_35C,mlp_stats3,stats3,mlp,21109,1112,0,1.380316003254242,1.380316003254242,1.085192328067967,-0.9348477888570154,1.9035525323568288,4.111488103866577,
temp,1,hold_out_35C,mlp_ecm6,ecm6,mlp,21109,1112,0,1.201977489174062,1.201977489174062,0.9541114118027069,-0.5538395349095961,1.5522985919499985,2.1872522830963135,
temp,1,hold_out_35C,mlp_raw14,raw14,mlp,21109,1112,0,1.3832379052899202,1.3832379052899202,1.104490111654968,-0.8700764320751586,1.8909177746731038,2.9605839252471924,
temp,2,hold_out_45C,mean,raw14,mean,6457,15764,0,6.445042466069253,6.445042466069253,5.4043966631879385,2.504337562107622,8.40457064637777,0.007339954376220703,
temp,2,hold_out_45C,urelax_linear,urelax,linear,6457,15764,0,3.8852182222211837,3.8852182222211837,3.7991744394739695,3.7981368613541187,3.5962039278931255,0.007047176361083984,
temp,2,hold_out_45C,cycle_cond_xgb,cyc,xgb_big,6457,15764,0,2.3213318422937435,2.3213318422937435,1.8027542544714816,0.1963103653183926,3.0301926223290914,0.11290121078491211,
temp,2,hold_out_45C,enet_stats3,stats3,enet,6457,15764,0,2.801264627443533,2.801264627443533,2.245296602178002,-0.05800137894167698,3.3884315639311655,0.18267202377319336,
temp,2,hold_out_45C,xgb_stats3,stats3,xgb,6457,15764,0,2.6209688638007256,2.6209688638007256,2.106409203652588,1.3954510941541907,2.89367529981721,0.01561117172241211,
temp,2,hold_out_45C,svr_stats3,stats3,svr,6457,15764,0,2.48167637953987,2.48167637953987,1.9681132799489736,1.414669622541233,2.2726321790981467,1.0706861019134521,
temp,2,hold_out_45C,xgb_stats6,stats6,xgb,6457,15764,0,2.749694121107477,2.749694121107477,2.133459836450356,1.3285582706430539,2.661700117992385,0.021135807037353516,
temp,2,hold_out_45C,svr_stats6,stats6,svr,6457,15764,0,2.7609204439258384,2.7609204439258384,2.2516060313864457,2.042313082416417,2.611151063904585,1.0453639030456543,
temp,2,hold_out_45C,gpr_stats6,stats6,gpr,6457,15764,0,1.6472081607750428,1.6472081607750428,1.3450784624352408,0.9705579977282441,1.2528135379024206,3.530089855194092,
temp,2,hold_out_45C,xgb_ecm6,ecm6,xgb,6457,15764,0,2.4189794666003923,2.4189794666003923,1.9106607828125872,0.9643125830526851,2.6708957667498687,0.022719144821166992,
temp,2,hold_out_45C,svr_ecm6,ecm6,svr,6457,15764,0,1.874541169925325,1.874541169925325,1.4049583702610824,0.011095523877383367,1.9660414019379588,0.8825440406799316,
temp,2,hold_out_45C,gpr_ecm6,ecm6,gpr,6457,15764,0,1.6270930779809856,1.6270930779809856,1.3256688618097057,1.0001830740119055,1.7385141071901848,2.6988539695739746,
temp,2,hold_out_45C,xgb_raw14,raw14,xgb,6457,15764,0,2.422697951969891,2.422697951969891,1.9948232253836764,1.6333706760555493,2.0111714006579016,0.03755784034729004,
temp,2,hold_out_45C,svr_raw14,raw14,svr,6457,15764,0,2.9467576022768145,2.9467576022768145,2.129688423713655,0.34215003102434555,2.730860930757013,1.33984375,
temp,2,hold_out_45C,gpr_raw14,raw14,gpr,6457,15764,0,1.6184868062653697,1.6184868062653697,1.2838130404937147,0.8659019670695989,1.4936305680187254,12.567697048187256,
temp,2,hold_out_45C,mlp_stats3,stats3,mlp,6457,15764,0,2.7733359515762794,2.7733359515762794,2.3533993098997352,1.6251716968729881,2.9504222117195176,1.897493839263916,
temp,2,hold_out_45C,mlp_ecm6,ecm6,mlp,6457,15764,0,1.7279148268765594,1.7279148268765594,1.3453326858917598,0.5776705819665362,2.250217391229425,2.643738031387329,
temp,2,hold_out_45C,mlp_raw14,raw14,mlp,6457,15764,0,2.0478428890349436,2.0478428890349436,1.6566639907840242,0.7495561271200578,2.1725075577336534,1.7223491668701172,
condition,0,hold_out_T25_chg0.25_dis1,mean,raw14,mean,20399,1822,0,5.808215600473601,5.808215600473601,4.947922843795227,-0.7851214786145635,7.043897474556539,0.005468130111694336,
condition,0,hold_out_T25_chg0.25_dis1,urelax_linear,urelax,linear,20399,1822,0,2.452461102552353,2.452461102552353,2.0997760307971878,-1.566744413088544,2.0986698912115154,0.006513118743896484,
condition,0,hold_out_T25_chg0.25_dis1,cycle_cond_xgb,cyc,xgb_big,20399,1822,0,4.509666547674339,4.509666547674339,3.6280025847740323,-2.576758814128601,3.135558371119444,0.1669628620147705,
condition,0,hold_out_T25_chg0.25_dis1,enet_stats3,stats3,enet,20399,1822,0,2.969583253179316,2.969583253179316,2.2490204974576833,1.736390650394769,4.692806600294425,0.34059882164001465,
condition,0,hold_out_T25_chg0.25_dis1,xgb_stats3,stats3,xgb,20399,1822,0,2.2886824098681506,2.2886824098681506,1.8343890394229785,0.5471031133655281,2.326610719536214,0.020726680755615234,
condition,0,hold_out_T25_chg0.25_dis1,svr_stats3,stats3,svr,20399,1822,0,2.109387482656434,2.109387482656434,1.6288043487396229,0.7218065424466358,2.5143918423646423,4.962932109832764,
condition,0,hold_out_T25_chg0.25_dis1,xgb_stats6,stats6,xgb,20399,1822,0,2.248776013535161,2.248776013535161,1.8101541226723967,0.2947566429859865,2.2688598358329375,0.0341489315032959,
condition,0,hold_out_T25_chg0.25_dis1,svr_stats6,stats6,svr,20399,1822,0,2.264456583021457,2.264456583021457,1.7909177640142007,1.199242231461767,2.9293242049700625,6.077678918838501,
condition,0,hold_out_T25_chg0.25_dis1,gpr_stats6,stats6,gpr,20399,1822,0,2.0582202710864648,2.0582202710864648,1.6632870259343993,0.7935656352820631,2.1831354715781024,5.202309846878052,
condition,0,hold_out_T25_chg0.25_dis1,xgb_ecm6,ecm6,xgb,20399,1822,0,2.536999997810795,2.536999997810795,1.8753463354746898,0.2550464878140258,3.305243765723674,0.034216880798339844,
condition,0,hold_out_T25_chg0.25_dis1,svr_ecm6,ecm6,svr,20399,1822,0,2.4546264422173323,2.4546264422173323,1.8977329681564186,0.5390750032529541,2.6624769971904447,8.010633945465088,
condition,0,hold_out_T25_chg0.25_dis1,gpr_ecm6,ecm6,gpr,20399,1822,0,2.7475106582959308,2.7475106582959308,1.898997676780049,0.8191479437411593,3.705201958533783,3.232170820236206,
condition,0,hold_out_T25_chg0.25_dis1,xgb_raw14,raw14,xgb,20399,1822,0,2.5238362814312962,2.5238362814312962,1.991589210525974,-0.6948380200278864,2.2274556506022862,0.05522775650024414,
condition,0,hold_out_T25_chg0.25_dis1,svr_raw14,raw14,svr,20399,1822,0,2.0492380579868392,2.0492380579868392,1.5964314682388003,0.17880241381573192,2.3353900795987377,3.3014299869537354,
condition,0,hold_out_T25_chg0.25_dis1,gpr_raw14,raw14,gpr,20399,1822,0,2.1007921329443198,2.1007921329443198,1.6492021470137102,0.17732414662016527,2.1597688395445664,12.057788133621216,
condition,0,hold_out_T25_chg0.25_dis1,mlp_stats3,stats3,mlp,20399,1822,0,2.3521284499371116,2.3521284499371116,1.8507389913801016,0.5242725045023091,2.889339116197263,3.1035189628601074,
condition,0,hold_out_T25_chg0.25_dis1,mlp_ecm6,ecm6,mlp,20399,1822,0,1.9465770325342402,1.9465770325342402,1.570996361540102,0.15254868106035982,2.2715882751125602,6.421111106872559,
condition,0,hold_out_T25_chg0.25_dis1,mlp_raw14,raw14,mlp,20399,1822,0,2.1723967052914617,2.1723967052914617,1.7297486188251925,0.33174768096164725,2.486110686395666,2.514781951904297,
condition,1,hold_out_T25_chg0.5_dis1,mean,raw14,mean,18950,3271,0,6.170616156764554,6.170616156764554,5.300751558527809,-3.29469190579601,5.619156066912947,0.0059359073638916016,
condition,1,hold_out_T25_chg0.5_dis1,urelax_linear,urelax,linear,18950,3271,0,5.356587047971708,5.356587047971708,4.486501128417754,-4.135862521971824,1.5901996301935468,0.006125211715698242,
condition,1,hold_out_T25_chg0.5_dis1,cycle_cond_xgb,cyc,xgb_big,18950,3271,0,3.7563933664201734,3.7563933664201734,2.5964972218811897,2.31281959850826,7.591710592367957,0.15675592422485352,
condition,1,hold_out_T25_chg0.5_dis1,enet_stats3,stats3,enet,18950,3271,0,2.833709594940468,2.833709594940468,2.4114891421082403,-1.0680273437900865,3.536861937972338,0.2720050811767578,
condition,1,hold_out_T25_chg0.5_dis1,xgb_stats3,stats3,xgb,18950,3271,0,5.366668753476418,5.366668753476418,3.9452288870278145,-3.3913807786163734,2.054576299993514,0.020199060440063477,
condition,1,hold_out_T25_chg0.5_dis1,svr_stats3,stats3,svr,18950,3271,0,6.564393058154809,6.564393058154809,4.510629745715889,-4.040880974919361,1.647451409420321,4.024600982666016,
condition,1,hold_out_T25_chg0.5_dis1,xgb_stats6,stats6,xgb,18950,3271,0,5.125660589842142,5.125660589842142,3.7791979854562494,-3.213965911626925,1.9803101558289613,0.03018498420715332,
condition,1,hold_out_T25_chg0.5_dis1,svr_stats6,stats6,svr,18950,3271,0,5.724240432822518,5.724240432822518,4.107251891091324,-3.6412010719775596,1.655729118899799,4.407077074050903,
condition,1,hold_out_T25_chg0.5_dis1,gpr_stats6,stats6,gpr,18950,3271,0,5.335827652028777,5.335827652028777,3.9997215597904563,-3.422057268544896,1.7806471485230018,2.6388871669769287,
condition,1,hold_out_T25_chg0.5_dis1,xgb_ecm6,ecm6,xgb,18950,3271,0,3.7758838793241982,3.7758838793241982,2.9768841025010344,-2.3582378342996786,1.9071595580662002,0.030445098876953125,
condition,1,hold_out_T25_chg0.5_dis1,svr_ecm6,ecm6,svr,18950,3271,0,3.539581862969929,3.539581862969929,2.817987710185216,-2.223248529918061,1.888160255333891,3.5064210891723633,
condition,1,hold_out_T25_chg0.5_dis1,gpr_ecm6,ecm6,gpr,18950,3271,0,3.51803760871275,3.51803760871275,2.8223294523692486,-2.183651274113123,1.848882609069676,3.4020087718963623,
condition,1,hold_out_T25_chg0.5_dis1,xgb_raw14,raw14,xgb,18950,3271,0,5.309943699016417,5.309943699016417,4.005078591198099,-3.500464086349679,1.799002521719845,0.05420994758605957,
condition,1,hold_out_T25_chg0.5_dis1,svr_raw14,raw14,svr,18950,3271,0,3.3371137628444028,3.3371137628444028,2.7058973309576673,-2.094843176028399,1.9087846678773577,2.6733529567718506,
condition,1,hold_out_T25_chg0.5_dis1,gpr_raw14,raw14,gpr,18950,3271,0,4.631594656866106,4.631594656866106,3.635039750831992,-3.040410024422553,1.9314810122241872,19.541423082351685,
condition,1,hold_out_T25_chg0.5_dis1,mlp_stats3,stats3,mlp,18950,3271,0,5.281330097912031,5.281330097912031,3.946292996192117,-3.4410004380652386,1.7648753778967214,2.7317728996276855,
condition,1,hold_out_T25_chg0.5_dis1,mlp_ecm6,ecm6,mlp,18950,3271,0,3.493716002114748,3.493716002114748,2.7511332158713038,-2.284588415242097,1.597850182757532,2.0543711185455322,
condition,1,hold_out_T25_chg0.5_dis1,mlp_raw14,raw14,mlp,18950,3271,0,4.1078936195711915,4.1078936195711915,3.241123933190916,-2.87705230003042,1.4406032585565898,3.412214756011963,
condition,2,hold_out_T25_chg1_dis1,mean,raw14,mean,21969,252,0,5.419388782573196,5.419388782573196,4.734731440754901,-0.656451328582783,6.948812620881993,0.006447792053222656,
condition,2,hold_out_T25_chg1_dis1,urelax_linear,urelax,linear,21969,252,0,10.842035494484335,10.842035494484335,8.713982447614518,-8.059993173350968,2.407055160567419,0.006854057312011719,
condition,2,hold_out_T25_chg1_dis1,cycle_cond_xgb,cyc,xgb_big,21969,252,0,9.753376377642452,9.753376377642452,8.705267696421497,8.705267696421497,14.71641655687784,0.19033598899841309,
condition,2,hold_out_T25_chg1_dis1,enet_stats3,stats3,enet,21969,252,0,13.063996048971632,13.063996048971632,11.42460571736925,-11.329104001952993,5.7817177979186845,0.29917025566101074,
condition,2,hold_out_T25_chg1_dis1,xgb_stats3,stats3,xgb,21969,252,0,10.107428849720948,10.107428849720948,9.012930150337835,9.012930150337835,14.81073529418206,0.022485017776489258,
condition,2,hold_out_T25_chg1_dis1,svr_stats3,stats3,svr,21969,252,0,5.7339264627074495,5.7339264627074495,4.531430848426528,1.9570987588720694,9.463802479005434,6.6024861335754395,
condition,2,hold_out_T25_chg1_dis1,xgb_stats6,stats6,xgb,21969,252,0,10.00635440477457,10.00635440477457,8.968015359154624,8.963552361710878,14.522893118611016,0.03312516212463379,
condition,2,hold_out_T25_chg1_dis1,svr_stats6,stats6,svr,21969,252,0,5.653418009671076,5.653418009671076,4.491247052715668,1.707483408195289,9.277382624638573,6.1470489501953125,
condition,2,hold_out_T25_chg1_dis1,gpr_stats6,stats6,gpr,21969,252,0,6.018470548410002,6.018470548410002,5.288869934779762,-3.422689494689176,3.757463993022183,3.029974937438965,
condition,2,hold_out_T25_chg1_dis1,xgb_ecm6,ecm6,xgb,21969,252,0,7.240343609655377,7.240343609655377,6.476096104498434,-5.333791878220381,3.5557051811148237,0.036338090896606445,
condition,2,hold_out_T25_chg1_dis1,svr_ecm6,ecm6,svr,21969,252,0,7.051358337518367,7.051358337518367,5.141635493251103,4.223338536206275,12.01987458481781,10.03793215751648,
condition,2,hold_out_T25_chg1_dis1,gpr_ecm6,ecm6,gpr,21969,252,0,5.854924298546844,5.854924298546844,4.8696553149128965,0.34145052087686834,7.692074576548942,4.405635118484497,
condition,2,hold_out_T25_chg1_dis1,xgb_raw14,raw14,xgb,21969,252,0,6.818993589702005,6.818993589702005,5.439968914617972,0.9187465464153093,9.886740720457514,0.05839395523071289,
condition,2,hold_out_T25_chg1_dis1,svr_raw14,raw14,svr,21969,252,0,5.732461187868138,5.732461187868138,4.880639549402415,4.800136063541893,7.761098743676481,3.2711870670318604,
condition,2,hold_out_T25_chg1_dis1,gpr_raw14,raw14,gpr,21969,252,0,6.897324908762414,6.897324908762414,5.7370275744182395,-4.783831598805531,2.377755550274812,11.163223266601562,
condition,2,hold_out_T25_chg1_dis1,mlp_stats3,stats3,mlp,21969,252,0,26.09389130674973,26.09389130674973,23.218592735884165,23.218592735884165,21.890634320470674,3.948368787765503,
condition,2,hold_out_T25_chg1_dis1,mlp_ecm6,ecm6,mlp,21969,252,0,16.3723168382852,16.3723168382852,11.718814732781805,-5.9297220627424405,14.185588932054957,0.9703378677368164,
condition,2,hold_out_T25_chg1_dis1,mlp_raw14,raw14,mlp,21969,252,0,4.675484330938307,4.675484330938307,3.9485513687881753,2.0298844459361787,6.649003536063668,3.7092931270599365,
condition,3,hold_out_T35_chg0.5_dis1,mean,raw14,mean,21109,1112,0,5.441371242799535,5.441371242799535,4.379254670591727,-0.7614677691590308,6.384977767949206,0.005836963653564453,
condition,3,hold_out_T35_chg0.5_dis1,urelax_linear,urelax,linear,21109,1112,0,1.0619913449167728,1.0619913449167728,0.8352590265213998,-0.7876626985298266,0.8467933064290923,0.006416797637939453,
condition,3,hold_out_T35_chg0.5_dis1,cycle_cond_xgb,cyc,xgb_big,21109,1112,0,7.1536747696504515,7.1536747696504515,6.215056647517919,-6.215056647517919,5.316488587146302,0.17815494537353516,
condition,3,hold_out_T35_chg0.5_dis1,enet_stats3,stats3,enet,21109,1112,0,0.7303869451857348,0.7303869451857348,0.5341692771562546,-0.03163338811313135,0.5107250787735974,0.3105757236480713,
condition,3,hold_out_T35_chg0.5_dis1,xgb_stats3,stats3,xgb,21109,1112,0,1.5404722645199183,1.5404722645199183,1.2365862362567628,-0.8303694793828587,1.9124730101990082,0.023382902145385742,
condition,3,hold_out_T35_chg0.5_dis1,svr_stats3,stats3,svr,21109,1112,0,1.471179706389047,1.471179706389047,1.170561026509242,-0.8697550474809268,2.045917355121725,4.957562208175659,
condition,3,hold_out_T35_chg0.5_dis1,xgb_stats6,stats6,xgb,21109,1112,0,1.7013383741496837,1.7013383741496837,1.4048755102619723,-0.9341391290874419,2.2011866994323777,0.03236675262451172,
condition,3,hold_out_T35_chg0.5_dis1,svr_stats6,stats6,svr,21109,1112,0,1.459607455939781,1.459607455939781,1.1491662624547787,-0.7893469433250746,2.0681966389226734,4.881418943405151,
condition,3,hold_out_T35_chg0.5_dis1,gpr_stats6,stats6,gpr,21109,1112,0,1.3444083613406541,1.3444083613406541,1.089534429056937,-0.7931994865326059,1.6990747126494774,4.389624118804932,
condition,3,hold_out_T35_chg0.5_dis1,xgb_ecm6,ecm6,xgb,21109,1112,0,1.392167987811325,1.392167987811325,1.1009880530978906,-0.46493591080574387,1.5577912457626266,0.036947011947631836,
condition,3,hold_out_T35_chg0.5_dis1,svr_ecm6,ecm6,svr,21109,1112,0,1.1855401342303995,1.1855401342303995,0.9445140524799875,-0.3964667276277178,1.3561462928411874,4.35313606262207,
condition,3,hold_out_T35_chg0.5_dis1,gpr_ecm6,ecm6,gpr,21109,1112,0,1.1413180847777848,1.1413180847777848,0.913345512700393,-0.42537869805101747,1.044746906220615,3.5204830169677734,
condition,3,hold_out_T35_chg0.5_dis1,xgb_raw14,raw14,xgb,21109,1112,0,1.7229203032830505,1.7229203032830505,1.4787592653544364,-0.9060465970238821,1.7855854785849261,0.09046077728271484,
condition,3,hold_out_T35_chg0.5_dis1,svr_raw14,raw14,svr,21109,1112,0,1.361358286523084,1.361358286523084,1.0815189370158302,-0.6080211452707341,1.7235992027946414,3.7838499546051025,
condition,3,hold_out_T35_chg0.5_dis1,gpr_raw14,raw14,gpr,21109,1112,0,1.3694787567661268,1.3694787567661268,1.0770354293426525,-0.6890877621092357,1.683840325394374,9.867520093917847,
condition,3,hold_out_T35_chg0.5_dis1,mlp_stats3,stats3,mlp,21109,1112,0,1.380316003254242,1.380316003254242,1.085192328067967,-0.9348477888570154,1.9035525323568288,3.806655168533325,
condition,3,hold_out_T35_chg0.5_dis1,mlp_ecm6,ecm6,mlp,21109,1112,0,1.201977489174062,1.201977489174062,0.9541114118027069,-0.5538395349095961,1.5522985919499985,2.156400203704834,
condition,3,hold_out_T35_chg0.5_dis1,mlp_raw14,raw14,mlp,21109,1112,0,1.3832379052899202,1.3832379052899202,1.104490111654968,-0.8700764320751586,1.8909177746731038,2.907478094100952,
condition,4,hold_out_T45_chg0.5_dis1,mean,raw14,mean,6457,15764,0,6.445042466069253,6.445042466069253,5.4043966631879385,2.504337562107622,8.40457064637777,0.007395029067993164,
condition,4,hold_out_T45_chg0.5_dis1,urelax_linear,urelax,linear,6457,15764,0,3.8852182222211837,3.8852182222211837,3.7991744394739695,3.7981368613541187,3.5962039278931255,0.00757598876953125,
condition,4,hold_out_T45_chg0.5_dis1,cycle_cond_xgb,cyc,xgb_big,6457,15764,0,2.3213318422937435,2.3213318422937435,1.8027542544714816,0.1963103653183926,3.0301926223290914,0.11356115341186523,
condition,4,hold_out_T45_chg0.5_dis1,enet_stats3,stats3,enet,6457,15764,0,2.801264627443533,2.801264627443533,2.245296602178002,-0.05800137894167698,3.3884315639311655,0.21194982528686523,
condition,4,hold_out_T45_chg0.5_dis1,xgb_stats3,stats3,xgb,6457,15764,0,2.6209688638007256,2.6209688638007256,2.106409203652588,1.3954510941541907,2.89367529981721,0.017375946044921875,
condition,4,hold_out_T45_chg0.5_dis1,svr_stats3,stats3,svr,6457,15764,0,2.48167637953987,2.48167637953987,1.9681132799489736,1.414669622541233,2.2726321790981467,0.9883289337158203,
condition,4,hold_out_T45_chg0.5_dis1,xgb_stats6,stats6,xgb,6457,15764,0,2.749694121107477,2.749694121107477,2.133459836450356,1.3285582706430539,2.661700117992385,0.022703170776367188,
condition,4,hold_out_T45_chg0.5_dis1,svr_stats6,stats6,svr,6457,15764,0,2.7609204439258384,2.7609204439258384,2.2516060313864457,2.042313082416417,2.611151063904585,1.0652601718902588,
condition,4,hold_out_T45_chg0.5_dis1,gpr_stats6,stats6,gpr,6457,15764,0,1.6472081607750428,1.6472081607750428,1.3450784624352408,0.9705579977282441,1.2528135379024206,4.005804061889648,
condition,4,hold_out_T45_chg0.5_dis1,xgb_ecm6,ecm6,xgb,6457,15764,0,2.4189794666003923,2.4189794666003923,1.9106607828125872,0.9643125830526851,2.6708957667498687,0.023708105087280273,
condition,4,hold_out_T45_chg0.5_dis1,svr_ecm6,ecm6,svr,6457,15764,0,1.874541169925325,1.874541169925325,1.4049583702610824,0.011095523877383367,1.9660414019379588,0.9048149585723877,
condition,4,hold_out_T45_chg0.5_dis1,gpr_ecm6,ecm6,gpr,6457,15764,0,1.6270930779809856,1.6270930779809856,1.3256688618097057,1.0001830740119055,1.7385141071901848,2.5653228759765625,
condition,4,hold_out_T45_chg0.5_dis1,xgb_raw14,raw14,xgb,6457,15764,0,2.422697951969891,2.422697951969891,1.9948232253836764,1.6333706760555493,2.0111714006579016,0.03255009651184082,
condition,4,hold_out_T45_chg0.5_dis1,svr_raw14,raw14,svr,6457,15764,0,2.9467576022768145,2.9467576022768145,2.129688423713655,0.34215003102434555,2.730860930757013,1.34458327293396,
condition,4,hold_out_T45_chg0.5_dis1,gpr_raw14,raw14,gpr,6457,15764,0,1.6184868062653697,1.6184868062653697,1.2838130404937147,0.8659019670695989,1.4936305680187254,10.066466093063354,
condition,4,hold_out_T45_chg0.5_dis1,mlp_stats3,stats3,mlp,6457,15764,0,2.7733359515762794,2.7733359515762794,2.3533993098997352,1.6251716968729881,2.9504222117195176,1.3604979515075684,
condition,4,hold_out_T45_chg0.5_dis1,mlp_ecm6,ecm6,mlp,6457,15764,0,1.7279148268765594,1.7279148268765594,1.3453326858917598,0.5776705819665362,2.250217391229425,1.923957109451294,
condition,4,hold_out_T45_chg0.5_dis1,mlp_raw14,raw14,mlp,6457,15764,0,2.0478428890349436,2.0478428890349436,1.6566639907840242,0.7495561271200578,2.1725075577336534,1.3655948638916016,
time,0,first80_vs_last20,mean,raw14,mean,17755,4466,0,9.462339480840479,9.052248793500892,8.98004105795367,8.851035424827424,9.986347744750669,0.006321907043457031,
time,0,first80_vs_last20,urelax_linear,urelax,linear,17755,4466,0,2.287098911054834,2.2510844521660944,2.061010255362704,1.8386272305214852,2.3588164495740953,0.0068628787994384766,
time,0,first80_vs_last20,cycle_cond_xgb,cyc,xgb_big,17755,4466,0,3.781178427076473,3.9162952128171704,3.3649041339990684,3.0402375673640334,3.942602403755039,0.16279911994934082,
time,0,first80_vs_last20,enet_stats3,stats3,enet,17755,4466,0,2.6026947240296914,3.2621665984349373,1.9617211658221703,0.4888084230498322,2.733099179320267,0.2942531108856201,
time,0,first80_vs_last20,xgb_stats3,stats3,xgb,17755,4466,0,2.517446111357958,3.677729374786486,2.0134626007132757,1.8397442847051064,2.6161958382943946,0.022754669189453125,
time,0,first80_vs_last20,svr_stats3,stats3,svr,17755,4466,0,3.4428223711237056,4.621125961789061,2.580105908666302,2.4486335708494344,3.634572257302958,3.5114872455596924,
time,0,first80_vs_last20,xgb_stats6,stats6,xgb,17755,4466,0,2.5156599367118084,3.985153375475837,1.9894643301260655,1.7914360173765136,2.6478230471697315,0.027449846267700195,
time,0,first80_vs_last20,svr_stats6,stats6,svr,17755,4466,0,3.230072095804954,4.459648108971139,2.4537827683737303,2.3276769429487802,3.4084988009529678,3.558912992477417,
time,0,first80_vs_last20,gpr_stats6,stats6,gpr,17755,4466,0,2.297700154106086,3.767896899065712,1.733756457432939,1.6134553448380027,2.418557504249129,2.087393045425415,
time,0,first80_vs_last20,xgb_ecm6,ecm6,xgb,17755,4466,0,2.485738490570241,3.6629747155307855,1.9112452966615006,1.7259809671792656,2.6118004126303616,0.027064085006713867,
time,0,first80_vs_last20,svr_ecm6,ecm6,svr,17755,4466,0,2.065844027829761,3.2243262631421277,1.5565926420751666,1.4345995585366123,2.175785224526953,3.781033992767334,
time,0,first80_vs_last20,gpr_ecm6,ecm6,gpr,17755,4466,0,2.1873450766637266,3.374083285660405,1.664810088667438,1.5378776417060258,2.296143643456236,2.1540818214416504,
time,0,first80_vs_last20,xgb_raw14,raw14,xgb,17755,4466,0,2.482437741087098,4.0422485734774485,1.885860235035333,1.6887409340466297,2.601542360116103,0.0351870059967041,
time,0,first80_vs_last20,svr_raw14,raw14,svr,17755,4466,0,2.943365698985063,3.481518316344684,2.248606164910419,2.126357038005924,3.106355114690341,2.384768009185791,
time,0,first80_vs_last20,gpr_raw14,raw14,gpr,17755,4466,0,2.378472693462012,3.4140016130865773,1.882114249963202,1.7377945189071047,2.5019500747859067,8.511229753494263,
time,0,first80_vs_last20,mlp_stats3,stats3,mlp,17755,4466,0,1.8388422452345878,2.6052232294190496,1.4430309075266248,1.2887163714507814,1.9300140631303289,2.0231239795684814,
time,0,first80_vs_last20,mlp_ecm6,ecm6,mlp,17755,4466,0,1.5357857392761658,2.7567171761337557,1.0095700632163886,0.8087206591664111,1.6091087891958993,2.3155038356781006,
time,0,first80_vs_last20,mlp_raw14,raw14,mlp,17755,4466,0,1.6594059728474413,2.344060737164324,1.2950299725612755,1.1171268331443502,1.7400717687308938,1.6463401317596436,
